"","field_id","year","month","centroid_lat","centroid_long","area_hectares","sprays","mildew_incidence","initial_strain","susceptibility_to_r6_strains","susceptibility_to_non_r6_strains","plant_type","date"
"1",1,2014,"April",45.0405,-122.7772,0.6879662,0,0,"non-V6",1,1,"non-R6",2014-04-01
"2",1,2014,"May",45.0405,-122.7772,0.6879662,1,0,"non-V6",1,1,"non-R6",2014-05-01
"3",1,2014,"June",45.0405,-122.7772,0.6879662,2,0,"non-V6",1,1,"non-R6",2014-06-01
"4",1,2014,"July",45.0405,-122.7772,0.6879662,1,0.01,"non-V6",1,1,"non-R6",2014-07-01
"5",2,2014,"April",45.0411,-122.7766,0.8903092,0,0,"non-V6",1,1,"non-R6",2014-04-01
"6",2,2014,"May",45.0411,-122.7766,0.8903092,1,0,"non-V6",1,1,"non-R6",2014-05-01
"7",2,2014,"June",45.0411,-122.7766,0.8903092,2,0,"non-V6",1,1,"non-R6",2014-06-01
"8",2,2014,"July",45.0411,-122.7766,0.8903092,1,0.01,"non-V6",1,1,"non-R6",2014-07-01
"9",3,2014,"April",45.0405,-122.7778,2.3876474,0,0,"non-V6",1,1,"non-R6",2014-04-01
"10",3,2014,"May",45.0405,-122.7778,2.3876474,1,0,"non-V6",1,1,"non-R6",2014-05-01
"11",3,2014,"June",45.0405,-122.7778,2.3876474,2,0,"non-V6",1,1,"non-R6",2014-06-01
"12",3,2014,"July",45.0405,-122.7778,2.3876474,1,0.02,"non-V6",1,1,"non-R6",2014-07-01
"13",4,2014,"April",45.0377,-122.7779,1.2545266,0,0,"non-V6",1,1,"non-R6",2014-04-01
"14",4,2014,"May",45.0377,-122.7779,1.2545266,1,0,"non-V6",1,1,"non-R6",2014-05-01
"15",4,2014,"June",45.0377,-122.7779,1.2545266,2,0.05,"non-V6",1,1,"non-R6",2014-06-01
"16",4,2014,"July",45.0377,-122.7779,1.2545266,1,0.1,"non-V6",1,1,"non-R6",2014-07-01
"17",5,2014,"April",45.0412,-122.7753,2.9542078,0,0,"non-V6",1,1,"non-R6",2014-04-01
"18",5,2014,"May",45.0412,-122.7753,2.9542078,1,0,"non-V6",1,1,"non-R6",2014-05-01
"19",5,2014,"June",45.0412,-122.7753,2.9542078,2,0,"non-V6",1,1,"non-R6",2014-06-01
"20",5,2014,"July",45.0412,-122.7753,2.9542078,1,0,"non-V6",1,1,"non-R6",2014-07-01
"21",6,2014,"April",45.0403,-122.7818,7.7699712,0,0,"non-V6",1,1,"non-R6",2014-04-01
"22",6,2014,"May",45.0403,-122.7818,7.7699712,1,0,"non-V6",1,1,"non-R6",2014-05-01
"23",6,2014,"June",45.0403,-122.7818,7.7699712,2,0,"non-V6",1,1,"non-R6",2014-06-01
"24",6,2014,"July",45.0403,-122.7818,7.7699712,1,0,"non-V6",1,1,"non-R6",2014-07-01
"25",7,2014,"April",45.0377,-122.7771,2.0638986,0,0,"non-V6",1,1,"non-R6",2014-04-01
"26",7,2014,"May",45.0377,-122.7771,2.0638986,1,0,"non-V6",1,1,"non-R6",2014-05-01
"27",7,2014,"June",45.0377,-122.7771,2.0638986,2,0.01,"non-V6",1,1,"non-R6",2014-06-01
"28",7,2014,"July",45.0377,-122.7771,2.0638986,1,0.02,"non-V6",1,1,"non-R6",2014-07-01
"29",9,2014,"April",45.0775,-122.7656,5.6251354,0,0,"non-V6",1,1,"non-R6",2014-04-01
"30",9,2014,"May",45.0775,-122.7656,5.6251354,1,0,"non-V6",1,1,"non-R6",2014-05-01
"31",9,2014,"June",45.0775,-122.7656,5.6251354,2,0,"non-V6",1,1,"non-R6",2014-06-01
"32",9,2014,"July",45.0775,-122.7656,5.6251354,1,0.16,"non-V6",1,1,"non-R6",2014-07-01
"33",10,2014,"April",45.0839,-122.7614,3.844517,0,0,"non-V6",1,1,"non-R6",2014-04-01
"34",10,2014,"May",45.0839,-122.7614,3.844517,1,0.01,"non-V6",1,1,"non-R6",2014-05-01
"35",10,2014,"June",45.0839,-122.7614,3.844517,2,0.1,"non-V6",1,1,"non-R6",2014-06-01
"36",10,2014,"July",45.0839,-122.7614,3.844517,1,0.07,"non-V6",1,1,"non-R6",2014-07-01
"37",11,2014,"April",45.079,-122.7666,2.02343,0,0,"non-V6",1,1,"non-R6",2014-04-01
"38",11,2014,"May",45.079,-122.7666,2.02343,1,0.13,"non-V6",1,1,"non-R6",2014-05-01
"39",11,2014,"June",45.079,-122.7666,2.02343,2,0.09,"non-V6",1,1,"non-R6",2014-06-01
"40",11,2014,"July",45.079,-122.7666,2.02343,1,0.02,"non-V6",1,1,"non-R6",2014-07-01
"41",12,2014,"April",45.0842,-122.7656,7.0010678,0,0.01,"non-V6",1,1,"non-R6",2014-04-01
"42",12,2014,"May",45.0842,-122.7656,7.0010678,1,0,"non-V6",1,1,"non-R6",2014-05-01
"43",12,2014,"June",45.0842,-122.7656,7.0010678,3,0.48,"non-V6",1,1,"non-R6",2014-06-01
"44",12,2014,"July",45.0842,-122.7656,7.0010678,1,0.12,"non-V6",1,1,"non-R6",2014-07-01
"45",13,2014,"April",45.0823,-122.7666,4.249203,0,0,"non-V6",1,1,"non-R6",2014-04-01
"46",13,2014,"May",45.0823,-122.7666,4.249203,1,0,"non-V6",1,1,"non-R6",2014-05-01
"47",13,2014,"June",45.0823,-122.7666,4.249203,2,0.03,"non-V6",1,1,"non-R6",2014-06-01
"48",13,2014,"July",45.0823,-122.7666,4.249203,1,0.01,"non-V6",1,1,"non-R6",2014-07-01
"49",14,2014,"April",45.0839,-122.763,5.260918,0,0,"non-V6",1,1,"non-R6",2014-04-01
"50",14,2014,"May",45.0839,-122.763,5.260918,1,0,"non-V6",1,1,"non-R6",2014-05-01
"51",14,2014,"June",45.0839,-122.763,5.260918,2,0.36,"non-V6",1,1,"non-R6",2014-06-01
"52",14,2014,"July",45.0839,-122.763,5.260918,1,0.09,"non-V6",1,1,"non-R6",2014-07-01
"53",15,2014,"April",45.0805,-122.7666,11.0074592,0,0,"V6",1,1,"non-R6",2014-04-01
"54",15,2014,"May",45.0805,-122.7666,11.0074592,1,0.03,"V6",1,1,"non-R6",2014-05-01
"55",15,2014,"June",45.0805,-122.7666,11.0074592,2,0.04,"V6",1,1,"non-R6",2014-06-01
"56",15,2014,"July",45.0805,-122.7666,11.0074592,1,0.14,"V6",1,1,"non-R6",2014-07-01
"57",16,2014,"April",45.0405,-122.7794,5.867947,0,0,"non-V6",1,1,"non-R6",2014-04-01
"58",16,2014,"May",45.0405,-122.7794,5.867947,1,0,"non-V6",1,1,"non-R6",2014-05-01
"59",16,2014,"June",45.0405,-122.7794,5.867947,2,0,"non-V6",1,1,"non-R6",2014-06-01
"60",16,2014,"July",45.0405,-122.7794,5.867947,1,0,"non-V6",1,1,"non-R6",2014-07-01
"61",17,2014,"April",45.0389,-122.7739,11.533551,0,0,"non-V6",1,1,"non-R6",2014-04-01
"62",17,2014,"May",45.0389,-122.7739,11.533551,1,0,"non-V6",1,1,"non-R6",2014-05-01
"63",17,2014,"June",45.0389,-122.7739,11.533551,2,0.01,"non-V6",1,1,"non-R6",2014-06-01
"64",17,2014,"July",45.0389,-122.7739,11.533551,1,0.04,"non-V6",1,1,"non-R6",2014-07-01
"65",18,2014,"April",45.0375,-122.7815,6.1916958,0,0,"non-V6",1,1,"non-R6",2014-04-01
"66",18,2014,"May",45.0375,-122.7815,6.1916958,1,0,"non-V6",1,1,"non-R6",2014-05-01
"67",18,2014,"June",45.0375,-122.7815,6.1916958,2,0.02,"non-V6",1,1,"non-R6",2014-06-01
"68",18,2014,"July",45.0375,-122.7815,6.1916958,1,0.03,"non-V6",1,1,"non-R6",2014-07-01
"69",19,2014,"April",45.0799,-122.7262,7.8509084,0,0,"non-V6",1,1,"non-R6",2014-04-01
"70",19,2014,"May",45.0799,-122.7262,7.8509084,1,0,"non-V6",1,1,"non-R6",2014-05-01
"71",19,2014,"June",45.0799,-122.7262,7.8509084,2,0.01,"non-V6",1,1,"non-R6",2014-06-01
"72",19,2014,"July",45.0799,-122.7262,7.8509084,1,0.02,"non-V6",1,1,"non-R6",2014-07-01
"73",20,2014,"April",45.0826,-122.7274,6.9201306,0,0,"non-V6",1,1,"non-R6",2014-04-01
"74",20,2014,"May",45.0826,-122.7274,6.9201306,1,0,"non-V6",1,1,"non-R6",2014-05-01
"75",20,2014,"June",45.0826,-122.7274,6.9201306,2,0,"non-V6",1,1,"non-R6",2014-06-01
"76",20,2014,"July",45.0826,-122.7274,6.9201306,1,0.05,"non-V6",1,1,"non-R6",2014-07-01
"77",21,2014,"April",45.0799,-122.7239,3.8849856,0,0,"non-V6",1,1,"non-R6",2014-04-01
"78",21,2014,"May",45.0799,-122.7239,3.8849856,1,0.01,"non-V6",1,1,"non-R6",2014-05-01
"79",21,2014,"June",45.0799,-122.7239,3.8849856,2,0.02,"non-V6",1,1,"non-R6",2014-06-01
"80",21,2014,"July",45.0799,-122.7239,3.8849856,1,0.13,"non-V6",1,1,"non-R6",2014-07-01
"81",22,2014,"April",45.0412,-122.7729,3.7231112,0,0,"non-V6",1,1,"non-R6",2014-04-01
"82",22,2014,"May",45.0412,-122.7729,3.7231112,1,0,"non-V6",1,1,"non-R6",2014-05-01
"83",22,2014,"June",45.0412,-122.7729,3.7231112,2,0,"non-V6",1,1,"non-R6",2014-06-01
"84",22,2014,"July",45.0412,-122.7729,3.7231112,1,0,"non-V6",1,1,"non-R6",2014-07-01
"85",23,2014,"April",45.0376,-122.779,3.1160822,0,0,"non-V6",1,1,"non-R6",2014-04-01
"86",23,2014,"May",45.0376,-122.779,3.1160822,1,0.0075,"non-V6",1,1,"non-R6",2014-05-01
"87",23,2014,"June",45.0376,-122.779,3.1160822,2,0.11,"non-V6",1,1,"non-R6",2014-06-01
"88",23,2014,"July",45.0376,-122.779,3.1160822,1,0.12,"non-V6",1,1,"non-R6",2014-07-01
"89",25,2014,"April",45.088,-122.742,10.4408988,0,0.03,"non-V6",1,1,"non-R6",2014-04-01
"90",25,2014,"May",45.088,-122.742,10.4408988,1,0.38,"non-V6",1,1,"non-R6",2014-05-01
"91",25,2014,"June",45.088,-122.742,10.4408988,2,1,"non-V6",1,1,"non-R6",2014-06-01
"92",25,2014,"July",45.088,-122.742,10.4408988,1,0.99,"non-V6",1,1,"non-R6",2014-07-01
"93",26,2014,"April",45.0833,-122.7513,18.008527,0,0,"V6",1,0,"R6",2014-04-01
"94",26,2014,"May",45.0833,-122.7513,18.008527,3,0.01,"V6",1,0,"R6",2014-05-01
"95",26,2014,"June",45.0833,-122.7513,18.008527,1,0.08,"V6",1,0,"R6",2014-06-01
"96",26,2014,"July",45.0833,-122.7513,18.008527,1,0.09,"V6",1,0,"R6",2014-07-01
"97",27,2014,"April",45.0772,-122.7606,12.949952,0,0,"V6",1,0,"R6",2014-04-01
"98",27,2014,"May",45.0772,-122.7606,12.949952,2,0,"V6",1,0,"R6",2014-05-01
"99",27,2014,"June",45.0772,-122.7606,12.949952,2,0.12,"V6",1,0,"R6",2014-06-01
"100",27,2014,"July",45.0772,-122.7606,12.949952,2,0.42,"V6",1,0,"R6",2014-07-01
"101",28,2014,"April",45.0771,-122.7557,8.0127828,0,0,"V6",1,0,"R6",2014-04-01
"102",28,2014,"May",45.0771,-122.7557,8.0127828,2,0,"V6",1,0,"R6",2014-05-01
"103",28,2014,"June",45.0771,-122.7557,8.0127828,2,0.55,"V6",1,0,"R6",2014-06-01
"104",28,2014,"July",45.0771,-122.7557,8.0127828,2,0.82,"V6",1,0,"R6",2014-07-01
"105",29,2014,"April",45.08,-122.7407,12.7880776,0,0,"non-V6",1,1,"non-R6",2014-04-01
"106",29,2014,"May",45.08,-122.7407,12.7880776,1,0,"non-V6",1,1,"non-R6",2014-05-01
"107",29,2014,"June",45.08,-122.7407,12.7880776,1,0,"non-V6",1,1,"non-R6",2014-06-01
"108",29,2014,"July",45.08,-122.7407,12.7880776,1,0,"non-V6",1,1,"non-R6",2014-07-01
"109",30,2014,"April",45.0925,-122.7523,15.0947878,0,0,"V6",1,1,"non-R6",2014-04-01
"110",30,2014,"May",45.0925,-122.7523,15.0947878,1,0.12,"V6",1,1,"non-R6",2014-05-01
"111",30,2014,"June",45.0925,-122.7523,15.0947878,3,0.88,"V6",1,1,"non-R6",2014-06-01
"112",30,2014,"July",45.0925,-122.7523,15.0947878,1,0.39,"V6",1,1,"non-R6",2014-07-01
"113",31,2014,"April",45.0936,-122.7569,9.1459036,0,0.03,"V6",1,0,"R6",2014-04-01
"114",31,2014,"May",45.0936,-122.7569,9.1459036,1,0.07,"V6",1,0,"R6",2014-05-01
"115",31,2014,"June",45.0936,-122.7569,9.1459036,4,0.94,"V6",1,0,"R6",2014-06-01
"116",31,2014,"July",45.0936,-122.7569,9.1459036,3,0.71,"V6",1,0,"R6",2014-07-01
"117",32,2014,"April",45.0926,-122.7473,21.3269522,0,0,"V6",1,0,"R6",2014-04-01
"118",32,2014,"May",45.0926,-122.7473,21.3269522,2,0,"V6",1,0,"R6",2014-05-01
"119",32,2014,"June",45.0926,-122.7473,21.3269522,3,0.82,"V6",1,0,"R6",2014-06-01
"120",32,2014,"July",45.0926,-122.7473,21.3269522,2,0.36,"V6",1,0,"R6",2014-07-01
"121",33,2014,"April",45.0891,-122.7526,4.1682658,0,0,"V6",1,1,"non-R6",2014-04-01
"122",33,2014,"May",45.0891,-122.7526,4.1682658,4,0,"V6",1,1,"non-R6",2014-05-01
"123",33,2014,"June",45.0891,-122.7526,4.1682658,1,0.47,"V6",1,1,"non-R6",2014-06-01
"124",33,2014,"July",45.0891,-122.7526,4.1682658,4,0.14,"V6",1,1,"non-R6",2014-07-01
"125",34,2014,"April",45.0891,-122.7476,14.8115076,0,0,"V6",1,1,"non-R6",2014-04-01
"126",34,2014,"May",45.0891,-122.7476,14.8115076,2,0.06,"V6",1,1,"non-R6",2014-05-01
"127",34,2014,"June",45.0891,-122.7476,14.8115076,1,0.87,"V6",1,1,"non-R6",2014-06-01
"128",34,2014,"July",45.0891,-122.7476,14.8115076,1,1,"V6",1,1,"non-R6",2014-07-01
"129",35,2014,"April",45.1684,-122.8832,6.4345074,0,0,"V6",1,0,"R6",2014-04-01
"130",35,2014,"May",45.1684,-122.8832,6.4345074,1,0,"V6",1,0,"R6",2014-05-01
"131",35,2014,"June",45.1684,-122.8832,6.4345074,2,0,"V6",1,0,"R6",2014-06-01
"132",35,2014,"July",45.1684,-122.8832,6.4345074,1,0,"V6",1,0,"R6",2014-07-01
"133",36,2014,"April",45.2005,-122.9142,19.8700826,0,0,"V6",1,0,"R6",2014-04-01
"134",36,2014,"May",45.2005,-122.9142,19.8700826,1,0,"V6",1,0,"R6",2014-05-01
"135",36,2014,"June",45.2005,-122.9142,19.8700826,2,0,"V6",1,0,"R6",2014-06-01
"136",36,2014,"July",45.2005,-122.9142,19.8700826,1,0,"V6",1,0,"R6",2014-07-01
"137",37,2014,"April",45.1654,-122.8855,5.5441982,0,0,"V6",1,1,"non-R6",2014-04-01
"138",37,2014,"May",45.1654,-122.8855,5.5441982,1,0,"V6",1,1,"non-R6",2014-05-01
"139",37,2014,"June",45.1654,-122.8855,5.5441982,1,0,"V6",1,1,"non-R6",2014-06-01
"140",37,2014,"July",45.1654,-122.8855,5.5441982,1,0.01,"V6",1,1,"non-R6",2014-07-01
"141",38,2014,"April",45.1653,-122.8751,2.5495218,0,0,"non-V6",1,1,"non-R6",2014-04-01
"142",38,2014,"May",45.1653,-122.8751,2.5495218,1,0,"non-V6",1,1,"non-R6",2014-05-01
"143",38,2014,"June",45.1653,-122.8751,2.5495218,1,0,"non-V6",1,1,"non-R6",2014-06-01
"144",38,2014,"July",45.1653,-122.8751,2.5495218,0,0,"non-V6",1,1,"non-R6",2014-07-01
"145",39,2014,"April",45.1672,-122.8792,4.8967006,0,0,"non-V6",1,1,"non-R6",2014-04-01
"146",39,2014,"May",45.1672,-122.8792,4.8967006,1,0,"non-V6",1,1,"non-R6",2014-05-01
"147",39,2014,"June",45.1672,-122.8792,4.8967006,1,0,"non-V6",1,1,"non-R6",2014-06-01
"148",39,2014,"July",45.1672,-122.8792,4.8967006,0,0,"non-V6",1,1,"non-R6",2014-07-01
"149",41,2014,"April",45.1685,-122.9058,9.0649664,0,0,"V6",1,1,"non-R6",2014-04-01
"150",41,2014,"May",45.1685,-122.9058,9.0649664,0,0,"V6",1,1,"non-R6",2014-05-01
"151",41,2014,"June",45.1685,-122.9058,9.0649664,1,0.02,"V6",1,1,"non-R6",2014-06-01
"152",41,2014,"July",45.1685,-122.9058,9.0649664,1,0.02,"V6",1,1,"non-R6",2014-07-01
"153",42,2014,"April",45.1653,-122.8815,14.9329134,0,0,"V6",1,0,"R6",2014-04-01
"154",42,2014,"May",45.1653,-122.8815,14.9329134,1,0,"V6",1,0,"R6",2014-05-01
"155",42,2014,"June",45.1653,-122.8815,14.9329134,2,0,"V6",1,0,"R6",2014-06-01
"156",42,2014,"July",45.1653,-122.8815,14.9329134,0,0,"V6",1,0,"R6",2014-07-01
"157",43,2014,"April",45.1659,-122.8885,7.3652852,0,0,"non-V6",1,1,"non-R6",2014-04-01
"158",43,2014,"May",45.1659,-122.8885,7.3652852,1,0,"non-V6",1,1,"non-R6",2014-05-01
"159",43,2014,"June",45.1659,-122.8885,7.3652852,1,0,"non-V6",1,1,"non-R6",2014-06-01
"160",43,2014,"July",45.1659,-122.8885,7.3652852,1,0,"non-V6",1,1,"non-R6",2014-07-01
"161",44,2014,"April",45.1996,-122.8464,11.0479278,0,0,"non-V6",1,1,"non-R6",2014-04-01
"162",44,2014,"May",45.1996,-122.8464,11.0479278,1,0,"non-V6",1,1,"non-R6",2014-05-01
"163",44,2014,"June",45.1996,-122.8464,11.0479278,1,0,"non-V6",1,1,"non-R6",2014-06-01
"164",44,2014,"July",45.1996,-122.8464,11.0479278,1,0,"non-V6",1,1,"non-R6",2014-07-01
"165",45,2014,"April",45.2025,-122.8443,8.7816862,0,0,"non-V6",1,1,"non-R6",2014-04-01
"166",45,2014,"May",45.2025,-122.8443,8.7816862,1,0,"non-V6",1,1,"non-R6",2014-05-01
"167",45,2014,"June",45.2025,-122.8443,8.7816862,1,0,"non-V6",1,1,"non-R6",2014-06-01
"168",45,2014,"July",45.2025,-122.8443,8.7816862,0,0,"non-V6",1,1,"non-R6",2014-07-01
"169",46,2014,"April",45.1942,-122.7664,0.5260918,0,0,"V6",1,1,"non-R6",2014-04-01
"170",46,2014,"May",45.1942,-122.7664,0.5260918,2,0,"V6",1,1,"non-R6",2014-05-01
"171",46,2014,"June",45.1942,-122.7664,0.5260918,4,0,"V6",1,1,"non-R6",2014-06-01
"172",46,2014,"July",45.1942,-122.7664,0.5260918,0,0.01,"V6",1,1,"non-R6",2014-07-01
"173",47,2014,"April",45.19,-122.7621,3.439831,0,0,"non-V6",1,1,"non-R6",2014-04-01
"174",47,2014,"May",45.19,-122.7621,3.439831,2,0,"non-V6",1,1,"non-R6",2014-05-01
"175",47,2014,"June",45.19,-122.7621,3.439831,5,0,"non-V6",1,1,"non-R6",2014-06-01
"176",47,2014,"July",45.19,-122.7621,3.439831,0,0,"non-V6",1,1,"non-R6",2014-07-01
"177",48,2014,"April",45.1928,-122.766,8.296063,0,0,"non-V6",1,1,"non-R6",2014-04-01
"178",48,2014,"May",45.1928,-122.766,8.296063,0,0,"non-V6",1,1,"non-R6",2014-05-01
"179",48,2014,"June",45.1928,-122.766,8.296063,1,0,"non-V6",1,1,"non-R6",2014-06-01
"180",48,2014,"July",45.1928,-122.766,8.296063,0,0,"non-V6",1,1,"non-R6",2014-07-01
"181",50,2014,"April",45.1932,-122.7715,7.2034108,0,0,"non-V6",1,1,"non-R6",2014-04-01
"182",50,2014,"May",45.1932,-122.7715,7.2034108,1,0,"non-V6",1,1,"non-R6",2014-05-01
"183",50,2014,"June",45.1932,-122.7715,7.2034108,1,0,"non-V6",1,1,"non-R6",2014-06-01
"184",50,2014,"July",45.1932,-122.7715,7.2034108,1,0,"non-V6",1,1,"non-R6",2014-07-01
"185",51,2014,"April",45.1909,-122.7707,7.2438794,0,0,"V6",1,1,"non-R6",2014-04-01
"186",51,2014,"May",45.1909,-122.7707,7.2438794,1,0,"V6",1,1,"non-R6",2014-05-01
"187",51,2014,"June",45.1909,-122.7707,7.2438794,2,0.01,"V6",1,1,"non-R6",2014-06-01
"188",51,2014,"July",45.1909,-122.7707,7.2438794,0,0,"V6",1,1,"non-R6",2014-07-01
"189",52,2014,"April",45.201,-122.7725,3.1565508,0,0,"V6",1,0,"R6",2014-04-01
"190",52,2014,"May",45.201,-122.7725,3.1565508,1,0,"V6",1,0,"R6",2014-05-01
"191",52,2014,"June",45.201,-122.7725,3.1565508,5,0.14,"V6",1,0,"R6",2014-06-01
"192",52,2014,"July",45.201,-122.7725,3.1565508,0,0.16,"V6",1,0,"R6",2014-07-01
"193",53,2014,"April",45.1994,-122.774,6.7582562,0,0,"V6",1,0,"R6",2014-04-01
"194",53,2014,"May",45.1994,-122.774,6.7582562,1,0,"V6",1,0,"R6",2014-05-01
"195",53,2014,"June",45.1994,-122.774,6.7582562,5,0.08,"V6",1,0,"R6",2014-06-01
"196",53,2014,"July",45.1994,-122.774,6.7582562,0,0.25,"V6",1,0,"R6",2014-07-01
"197",54,2014,"April",45.189,-122.7707,7.7295026,0,0,"V6",1,0,"R6",2014-04-01
"198",54,2014,"May",45.189,-122.7707,7.7295026,1,0,"V6",1,0,"R6",2014-05-01
"199",54,2014,"June",45.189,-122.7707,7.7295026,5,0.07,"V6",1,0,"R6",2014-06-01
"200",54,2014,"July",45.189,-122.7707,7.7295026,0,0.4,"V6",1,0,"R6",2014-07-01
"201",55,2014,"April",45.1978,-122.7726,2.9946764,0,0,"V6",1,0,"R6",2014-04-01
"202",55,2014,"May",45.1978,-122.7726,2.9946764,1,0,"V6",1,0,"R6",2014-05-01
"203",55,2014,"June",45.1978,-122.7726,2.9946764,5,0.1,"V6",1,0,"R6",2014-06-01
"204",55,2014,"July",45.1978,-122.7726,2.9946764,0,0,"V6",1,0,"R6",2014-07-01
"205",56,2014,"April",45.1173,-122.8455,2.428116,0,0,"V6",1,0,"R6",2014-04-01
"206",56,2014,"May",45.1173,-122.8455,2.428116,0,0,"V6",1,0,"R6",2014-05-01
"207",56,2014,"June",45.1173,-122.8455,2.428116,1,0,"V6",1,0,"R6",2014-06-01
"208",56,2014,"July",45.1173,-122.8455,2.428116,2,0.43,"V6",1,0,"R6",2014-07-01
"209",57,2014,"April",45.1174,-122.8464,2.428116,0,0,"V6",1,0,"R6",2014-04-01
"210",57,2014,"May",45.1174,-122.8464,2.428116,0,0,"V6",1,0,"R6",2014-05-01
"211",57,2014,"June",45.1174,-122.8464,2.428116,1,0,"V6",1,0,"R6",2014-06-01
"212",57,2014,"July",45.1174,-122.8464,2.428116,2,0.01,"V6",1,0,"R6",2014-07-01
"213",58,2014,"April",45.1173,-122.845,0.404686,0,0,"V6",1,1,"non-R6",2014-04-01
"214",58,2014,"May",45.1173,-122.845,0.404686,0,0,"V6",1,1,"non-R6",2014-05-01
"215",58,2014,"June",45.1173,-122.845,0.404686,1,0,"V6",1,1,"non-R6",2014-06-01
"216",58,2014,"July",45.1173,-122.845,0.404686,2,0.19,"V6",1,1,"non-R6",2014-07-01
"217",59,2014,"April",45.1177,-122.8433,8.4174688,0,0,"V6",1,0,"R6",2014-04-01
"218",59,2014,"May",45.1177,-122.8433,8.4174688,0,0,"V6",1,0,"R6",2014-05-01
"219",59,2014,"June",45.1177,-122.8433,8.4174688,1,0.03,"V6",1,0,"R6",2014-06-01
"220",59,2014,"July",45.1177,-122.8433,8.4174688,2,0.43,"V6",1,0,"R6",2014-07-01
"221",60,2014,"April",45.1179,-122.8399,16.389783,0,0,"V6",1,1,"non-R6",2014-04-01
"222",60,2014,"May",45.1179,-122.8399,16.389783,0,0,"V6",1,1,"non-R6",2014-05-01
"223",60,2014,"June",45.1179,-122.8399,16.389783,1,0,"V6",1,1,"non-R6",2014-06-01
"224",60,2014,"July",45.1179,-122.8399,16.389783,1,0.02,"V6",1,1,"non-R6",2014-07-01
"225",61,2014,"April",45.1177,-122.8353,16.0255656,0,0,"V6",1,0,"R6",2014-04-01
"226",61,2014,"May",45.1177,-122.8353,16.0255656,0,0,"V6",1,0,"R6",2014-05-01
"227",61,2014,"June",45.1177,-122.8353,16.0255656,1,0.06,"V6",1,0,"R6",2014-06-01
"228",61,2014,"July",45.1177,-122.8353,16.0255656,1,0.18,"V6",1,0,"R6",2014-07-01
"229",62,2014,"April",45.1177,-122.8307,15.6208796,0,0,"non-V6",1,1,"non-R6",2014-04-01
"230",62,2014,"May",45.1177,-122.8307,15.6208796,0,0,"non-V6",1,1,"non-R6",2014-05-01
"231",62,2014,"June",45.1177,-122.8307,15.6208796,1,0,"non-V6",1,1,"non-R6",2014-06-01
"232",62,2014,"July",45.1177,-122.8307,15.6208796,1,0,"non-V6",1,1,"non-R6",2014-07-01
"233",63,2014,"April",45.1176,-122.8266,12.0596428,0,0,"V6",1,0,"R6",2014-04-01
"234",63,2014,"May",45.1176,-122.8266,12.0596428,0,0,"V6",1,0,"R6",2014-05-01
"235",63,2014,"June",45.1176,-122.8266,12.0596428,1,0.02,"V6",1,0,"R6",2014-06-01
"236",63,2014,"July",45.1176,-122.8266,12.0596428,0,0.01,"V6",1,0,"R6",2014-07-01
"237",64,2014,"April",45.1137,-122.83,10.1576186,0,0,"non-V6",1,1,"non-R6",2014-04-01
"238",64,2014,"May",45.1137,-122.83,10.1576186,0,0,"non-V6",1,1,"non-R6",2014-05-01
"239",64,2014,"June",45.1137,-122.83,10.1576186,1,0,"non-V6",1,1,"non-R6",2014-06-01
"240",64,2014,"July",45.1137,-122.83,10.1576186,1,0,"non-V6",1,1,"non-R6",2014-07-01
"241",65,2014,"April",45.1144,-122.8564,10.4004302,0,0,"non-V6",1,1,"non-R6",2014-04-01
"242",65,2014,"May",45.1144,-122.8564,10.4004302,0,0,"non-V6",1,1,"non-R6",2014-05-01
"243",65,2014,"June",45.1144,-122.8564,10.4004302,1,0,"non-V6",1,1,"non-R6",2014-06-01
"244",65,2014,"July",45.1144,-122.8564,10.4004302,1,0,"non-V6",1,1,"non-R6",2014-07-01
"245",66,2014,"April",45.1126,-122.8533,8.4174688,0,0,"non-V6",1,1,"non-R6",2014-04-01
"246",66,2014,"May",45.1126,-122.8533,8.4174688,0,0,"non-V6",1,1,"non-R6",2014-05-01
"247",66,2014,"June",45.1126,-122.8533,8.4174688,1,0,"non-V6",1,1,"non-R6",2014-06-01
"248",66,2014,"July",45.1126,-122.8533,8.4174688,1,0,"non-V6",1,1,"non-R6",2014-07-01
"249",67,2014,"April",45.0342,-122.7408,4.0873286,0,0,"V6",1,1,"non-R6",2014-04-01
"250",67,2014,"May",45.0342,-122.7408,4.0873286,0,0,"V6",1,1,"non-R6",2014-05-01
"251",67,2014,"June",45.0342,-122.7408,4.0873286,3,0,"V6",1,1,"non-R6",2014-06-01
"252",67,2014,"July",45.0342,-122.7408,4.0873286,3,0.01,"V6",1,1,"non-R6",2014-07-01
"253",68,2014,"April",45.0337,-122.7402,3.5612368,0,0,"non-V6",1,1,"non-R6",2014-04-01
"254",68,2014,"May",45.0337,-122.7402,3.5612368,0,0,"non-V6",1,1,"non-R6",2014-05-01
"255",68,2014,"June",45.0337,-122.7402,3.5612368,3,0,"non-V6",1,1,"non-R6",2014-06-01
"256",68,2014,"July",45.0337,-122.7402,3.5612368,2,0,"non-V6",1,1,"non-R6",2014-07-01
"257",69,2014,"April",45.0348,-122.7418,7.1224736,0,0,"V6",1,1,"non-R6",2014-04-01
"258",69,2014,"May",45.0348,-122.7418,7.1224736,1,0,"V6",1,1,"non-R6",2014-05-01
"259",69,2014,"June",45.0348,-122.7418,7.1224736,2,0,"V6",1,1,"non-R6",2014-06-01
"260",69,2014,"July",45.0348,-122.7418,7.1224736,2,0.02,"V6",1,1,"non-R6",2014-07-01
"261",71,2014,"April",45.0318,-122.7581,16.3493144,0,0,"non-V6",1,1,"non-R6",2014-04-01
"262",71,2014,"May",45.0318,-122.7581,16.3493144,0,0,"non-V6",1,1,"non-R6",2014-05-01
"263",71,2014,"June",45.0318,-122.7581,16.3493144,3,0.01,"non-V6",1,1,"non-R6",2014-06-01
"264",71,2014,"July",45.0318,-122.7581,16.3493144,2,0.02,"non-V6",1,1,"non-R6",2014-07-01
"265",72,2014,"April",45.0315,-122.7704,6.3131016,0,0,"non-V6",1,1,"non-R6",2014-04-01
"266",72,2014,"May",45.0315,-122.7704,6.3131016,0,0,"non-V6",1,1,"non-R6",2014-05-01
"267",72,2014,"June",45.0315,-122.7704,6.3131016,2,0.05,"non-V6",1,1,"non-R6",2014-06-01
"268",72,2014,"July",45.0315,-122.7704,6.3131016,2,0.041237113,"non-V6",1,1,"non-R6",2014-07-01
"269",73,2014,"April",45.0336,-122.7675,9.2673094,0,0,"non-V6",1,1,"non-R6",2014-04-01
"270",73,2014,"May",45.0336,-122.7675,9.2673094,1,0,"non-V6",1,1,"non-R6",2014-05-01
"271",73,2014,"June",45.0336,-122.7675,9.2673094,2,0.01,"non-V6",1,1,"non-R6",2014-06-01
"272",73,2014,"July",45.0336,-122.7675,9.2673094,2,0,"non-V6",1,1,"non-R6",2014-07-01
"273",74,2014,"April",45.0329,-122.7636,10.1980872,0,0,"non-V6",1,1,"non-R6",2014-04-01
"274",74,2014,"May",45.0329,-122.7636,10.1980872,0,0,"non-V6",1,1,"non-R6",2014-05-01
"275",74,2014,"June",45.0329,-122.7636,10.1980872,1,0,"non-V6",1,1,"non-R6",2014-06-01
"276",74,2014,"July",45.0329,-122.7636,10.1980872,1,0.01,"non-V6",1,1,"non-R6",2014-07-01
"277",75,2014,"April",45.0334,-122.7654,2.832802,0,0,"non-V6",1,1,"non-R6",2014-04-01
"278",75,2014,"May",45.0334,-122.7654,2.832802,1,0,"non-V6",1,1,"non-R6",2014-05-01
"279",75,2014,"June",45.0334,-122.7654,2.832802,1,0.04,"non-V6",1,1,"non-R6",2014-06-01
"280",75,2014,"July",45.0334,-122.7654,2.832802,2,0.03,"non-V6",1,1,"non-R6",2014-07-01
"281",76,2014,"April",45.0347,-122.7603,1.4568696,0,0,"non-V6",1,1,"non-R6",2014-04-01
"282",76,2014,"May",45.0347,-122.7603,1.4568696,1,0,"non-V6",1,1,"non-R6",2014-05-01
"283",76,2014,"June",45.0347,-122.7603,1.4568696,3,0,"non-V6",1,1,"non-R6",2014-06-01
"284",76,2014,"July",45.0347,-122.7603,1.4568696,2,0.01,"non-V6",1,1,"non-R6",2014-07-01
"285",77,2014,"April",45.0293,-122.7503,6.2321644,0,0,"non-V6",1,1,"non-R6",2014-04-01
"286",77,2014,"May",45.0293,-122.7503,6.2321644,0,0,"non-V6",1,1,"non-R6",2014-05-01
"287",77,2014,"June",45.0293,-122.7503,6.2321644,1,0,"non-V6",1,1,"non-R6",2014-06-01
"288",77,2014,"July",45.0293,-122.7503,6.2321644,3,0,"non-V6",1,1,"non-R6",2014-07-01
"289",78,2014,"April",45.0298,-122.7519,5.463261,0,0,"V6",1,1,"non-R6",2014-04-01
"290",78,2014,"May",45.0298,-122.7519,5.463261,1,0,"V6",1,1,"non-R6",2014-05-01
"291",78,2014,"June",45.0298,-122.7519,5.463261,1,0.02,"V6",1,1,"non-R6",2014-06-01
"292",78,2014,"July",45.0298,-122.7519,5.463261,2,0.05,"V6",1,1,"non-R6",2014-07-01
"293",79,2014,"April",45.0295,-122.7542,12.0596428,0,0,"V6",1,1,"non-R6",2014-04-01
"294",79,2014,"May",45.0295,-122.7542,12.0596428,1,0,"V6",1,1,"non-R6",2014-05-01
"295",79,2014,"June",45.0295,-122.7542,12.0596428,2,0,"V6",1,1,"non-R6",2014-06-01
"296",79,2014,"July",45.0295,-122.7542,12.0596428,2,0.05,"V6",1,1,"non-R6",2014-07-01
"297",81,2014,"April",45.0254,-122.7648,6.07029,0,0,"non-V6",1,1,"non-R6",2014-04-01
"298",81,2014,"May",45.0254,-122.7648,6.07029,0,0,"non-V6",1,1,"non-R6",2014-05-01
"299",81,2014,"June",45.0254,-122.7648,6.07029,3,0.03,"non-V6",1,1,"non-R6",2014-06-01
"300",81,2014,"July",45.0254,-122.7648,6.07029,2,0.02,"non-V6",1,1,"non-R6",2014-07-01
"301",82,2014,"April",45.0258,-122.7621,8.903092,0,0,"non-V6",1,1,"non-R6",2014-04-01
"302",82,2014,"May",45.0258,-122.7621,8.903092,0,0,"non-V6",1,1,"non-R6",2014-05-01
"303",82,2014,"June",45.0258,-122.7621,8.903092,1,0,"non-V6",1,1,"non-R6",2014-06-01
"304",82,2014,"July",45.0258,-122.7621,8.903092,1,0.04,"non-V6",1,1,"non-R6",2014-07-01
"305",83,2014,"April",45.0258,-122.7599,4.2896716,0,0,"non-V6",1,1,"non-R6",2014-04-01
"306",83,2014,"May",45.0258,-122.7599,4.2896716,0,0,"non-V6",1,1,"non-R6",2014-05-01
"307",83,2014,"June",45.0258,-122.7599,4.2896716,2,0.05,"non-V6",1,1,"non-R6",2014-06-01
"308",83,2014,"July",45.0258,-122.7599,4.2896716,3,0.06,"non-V6",1,1,"non-R6",2014-07-01
"309",84,2014,"April",45.0258,-122.7569,14.1235414,0,0,"V6",1,0,"R6",2014-04-01
"310",84,2014,"May",45.0258,-122.7569,14.1235414,0,0,"V6",1,0,"R6",2014-05-01
"311",84,2014,"June",45.0258,-122.7569,14.1235414,3,0.03,"V6",1,0,"R6",2014-06-01
"312",84,2014,"July",45.0258,-122.7569,14.1235414,3,0,"V6",1,0,"R6",2014-07-01
"313",86,2014,"April",45.0222,-122.7646,9.0244978,0,0,"non-V6",1,1,"non-R6",2014-04-01
"314",86,2014,"May",45.0222,-122.7646,9.0244978,1,0,"non-V6",1,1,"non-R6",2014-05-01
"315",86,2014,"June",45.0222,-122.7646,9.0244978,1,0.01,"non-V6",1,1,"non-R6",2014-06-01
"316",86,2014,"July",45.0222,-122.7646,9.0244978,2,0.03,"non-V6",1,1,"non-R6",2014-07-01
"317",87,2014,"April",45.0213,-122.7666,0.607029,0,0,"V6",1,1,"non-R6",2014-04-01
"318",87,2014,"May",45.0213,-122.7666,0.607029,0,0,"V6",1,1,"non-R6",2014-05-01
"319",87,2014,"June",45.0213,-122.7666,0.607029,2,0.01,"V6",1,1,"non-R6",2014-06-01
"320",87,2014,"July",45.0213,-122.7666,0.607029,1,0,"V6",1,1,"non-R6",2014-07-01
"321",88,2014,"April",45.0279,-122.7664,12.6666718,0,0,"non-V6",1,1,"non-R6",2014-04-01
"322",88,2014,"May",45.0279,-122.7664,12.6666718,0,0.04,"non-V6",1,1,"non-R6",2014-05-01
"323",88,2014,"June",45.0279,-122.7664,12.6666718,2,0.13,"non-V6",1,1,"non-R6",2014-06-01
"324",88,2014,"July",45.0279,-122.7664,12.6666718,2,0.16,"non-V6",1,1,"non-R6",2014-07-01
"325",89,2014,"April",45.0289,-122.7684,10.319493,0,0,"non-V6",1,1,"non-R6",2014-04-01
"326",89,2014,"May",45.0289,-122.7684,10.319493,0,0,"non-V6",1,1,"non-R6",2014-05-01
"327",89,2014,"June",45.0289,-122.7684,10.319493,2,0,"non-V6",1,1,"non-R6",2014-06-01
"328",89,2014,"July",45.0289,-122.7684,10.319493,1,0.01,"non-V6",1,1,"non-R6",2014-07-01
"329",90,2014,"April",45.0293,-122.7696,2.7923334,0,0,"non-V6",1,1,"non-R6",2014-04-01
"330",90,2014,"May",45.0293,-122.7696,2.7923334,0,0,"non-V6",1,1,"non-R6",2014-05-01
"331",90,2014,"June",45.0293,-122.7696,2.7923334,2,0,"non-V6",1,1,"non-R6",2014-06-01
"332",90,2014,"July",45.0293,-122.7696,2.7923334,2,0,"non-V6",1,1,"non-R6",2014-07-01
"333",91,2014,"April",45.0345,-122.8018,14.8924448,0,0,"non-V6",1,1,"non-R6",2014-04-01
"334",91,2014,"May",45.0345,-122.8018,14.8924448,0,0,"non-V6",1,1,"non-R6",2014-05-01
"335",91,2014,"June",45.0345,-122.8018,14.8924448,2,0,"non-V6",1,1,"non-R6",2014-06-01
"336",91,2014,"July",45.0345,-122.8018,14.8924448,2,0.02,"non-V6",1,1,"non-R6",2014-07-01
"337",92,2014,"April",45.0394,-122.8026,8.7412176,0,0,"non-V6",1,1,"non-R6",2014-04-01
"338",92,2014,"May",45.0394,-122.8026,8.7412176,0,0,"non-V6",1,1,"non-R6",2014-05-01
"339",92,2014,"June",45.0394,-122.8026,8.7412176,2,0,"non-V6",1,1,"non-R6",2014-06-01
"340",92,2014,"July",45.0394,-122.8026,8.7412176,2,0,"non-V6",1,1,"non-R6",2014-07-01
"341",95,2014,"April",45.1906,-122.7753,6.0298214,0,0,"V6",1,0,"R6",2014-04-01
"342",95,2014,"May",45.1906,-122.7753,6.0298214,1,0,"V6",1,0,"R6",2014-05-01
"343",95,2014,"June",45.1906,-122.7753,6.0298214,3,0.28,"V6",1,0,"R6",2014-06-01
"344",95,2014,"July",45.1906,-122.7753,6.0298214,0,0.05,"V6",1,0,"R6",2014-07-01
"345",96,2014,"April",45.193,-122.7746,6.3131016,0,0,"V6",1,0,"R6",2014-04-01
"346",96,2014,"May",45.193,-122.7746,6.3131016,1,0,"V6",1,0,"R6",2014-05-01
"347",96,2014,"June",45.193,-122.7746,6.3131016,2,1,"V6",1,0,"R6",2014-06-01
"348",96,2014,"July",45.193,-122.7746,6.3131016,0,0.3,"V6",1,0,"R6",2014-07-01
"349",97,2014,"April",45.1964,-122.7797,6.272633,0,0,"non-V6",1,1,"non-R6",2014-04-01
"350",97,2014,"May",45.1964,-122.7797,6.272633,1,0,"non-V6",1,1,"non-R6",2014-05-01
"351",97,2014,"June",45.1964,-122.7797,6.272633,3,0,"non-V6",1,1,"non-R6",2014-06-01
"352",97,2014,"July",45.1964,-122.7797,6.272633,0,0,"non-V6",1,1,"non-R6",2014-07-01
"353",98,2014,"April",45.1931,-122.7852,10.6837104,0,0,"V6",1,1,"non-R6",2014-04-01
"354",98,2014,"May",45.1931,-122.7852,10.6837104,1,0.01,"V6",1,1,"non-R6",2014-05-01
"355",98,2014,"June",45.1931,-122.7852,10.6837104,3,0.02,"V6",1,1,"non-R6",2014-06-01
"356",98,2014,"July",45.1931,-122.7852,10.6837104,1,0.06,"V6",1,1,"non-R6",2014-07-01
"357",99,2014,"April",45.1898,-122.7861,8.3770002,0,0,"V6",1,1,"non-R6",2014-04-01
"358",99,2014,"May",45.1898,-122.7861,8.3770002,1,0,"V6",1,1,"non-R6",2014-05-01
"359",99,2014,"June",45.1898,-122.7861,8.3770002,3,0.01,"V6",1,1,"non-R6",2014-06-01
"360",99,2014,"July",45.1898,-122.7861,8.3770002,0,0.06,"V6",1,1,"non-R6",2014-07-01
"361",100,2014,"April",45.1962,-122.7851,9.9552756,0,0,"V6",1,0,"R6",2014-04-01
"362",100,2014,"May",45.1962,-122.7851,9.9552756,1,0,"V6",1,0,"R6",2014-05-01
"363",100,2014,"June",45.1962,-122.7851,9.9552756,3,0.4,"V6",1,0,"R6",2014-06-01
"364",100,2014,"July",45.1962,-122.7851,9.9552756,2,0.12,"V6",1,0,"R6",2014-07-01
"365",101,2014,"April",45.1864,-122.786,9.2673094,0,0,"V6",1,0,"R6",2014-04-01
"366",101,2014,"May",45.1864,-122.786,9.2673094,1,0,"V6",1,0,"R6",2014-05-01
"367",101,2014,"June",45.1864,-122.786,9.2673094,3,0.75,"V6",1,0,"R6",2014-06-01
"368",101,2014,"July",45.1864,-122.786,9.2673094,2,0.36,"V6",1,0,"R6",2014-07-01
"369",102,2014,"April",45.1863,-122.7811,18.8583676,0,0,"V6",1,0,"R6",2014-04-01
"370",102,2014,"May",45.1863,-122.7811,18.8583676,1,0,"V6",1,0,"R6",2014-05-01
"371",102,2014,"June",45.1863,-122.7811,18.8583676,3,0.49,"V6",1,0,"R6",2014-06-01
"372",102,2014,"July",45.1863,-122.7811,18.8583676,2,0.48,"V6",1,0,"R6",2014-07-01
"373",103,2014,"April",45.1905,-122.7928,4.8157634,0,0,"V6",1,1,"non-R6",2014-04-01
"374",103,2014,"May",45.1905,-122.7928,4.8157634,1,0,"V6",1,1,"non-R6",2014-05-01
"375",103,2014,"June",45.1905,-122.7928,4.8157634,3,0.01,"V6",1,1,"non-R6",2014-06-01
"376",103,2014,"July",45.1905,-122.7928,4.8157634,2,0,"V6",1,1,"non-R6",2014-07-01
"377",104,2014,"April",45.1897,-122.7802,14.6091646,0,0,"V6",1,0,"R6",2014-04-01
"378",104,2014,"May",45.1897,-122.7802,14.6091646,1,0,"V6",1,0,"R6",2014-05-01
"379",104,2014,"June",45.1897,-122.7802,14.6091646,3,0.89,"V6",1,0,"R6",2014-06-01
"380",104,2014,"July",45.1897,-122.7802,14.6091646,2,0.22,"V6",1,0,"R6",2014-07-01
"381",105,2014,"April",45.1986,-122.78,14.0426042,0,0,"V6",1,1,"non-R6",2014-04-01
"382",105,2014,"May",45.1986,-122.78,14.0426042,0,0.01,"V6",1,1,"non-R6",2014-05-01
"383",105,2014,"June",45.1986,-122.78,14.0426042,3,0.09,"V6",1,1,"non-R6",2014-06-01
"384",105,2014,"July",45.1986,-122.78,14.0426042,2,0.1,"V6",1,1,"non-R6",2014-07-01
"385",106,2014,"April",45.1879,-122.791,5.9084156,0,0,"V6",1,0,"R6",2014-04-01
"386",106,2014,"May",45.1879,-122.791,5.9084156,1,0.03,"V6",1,0,"R6",2014-05-01
"387",106,2014,"June",45.1879,-122.791,5.9084156,3,0.3,"V6",1,0,"R6",2014-06-01
"388",106,2014,"July",45.1879,-122.791,5.9084156,0,0.44,"V6",1,0,"R6",2014-07-01
"389",107,2014,"April",45.1888,-122.791,4.249203,0,0.01,"V6",1,1,"non-R6",2014-04-01
"390",107,2014,"May",45.1888,-122.791,4.249203,1,0,"V6",1,1,"non-R6",2014-05-01
"391",107,2014,"June",45.1888,-122.791,4.249203,3,0.08,"V6",1,1,"non-R6",2014-06-01
"392",107,2014,"July",45.1888,-122.791,4.249203,2,0.07,"V6",1,1,"non-R6",2014-07-01
"393",108,2014,"April",45.1865,-122.7907,8.296063,0,0.08,"V6",1,0,"R6",2014-04-01
"394",108,2014,"May",45.1865,-122.7907,8.296063,1,0.2,"V6",1,0,"R6",2014-05-01
"395",108,2014,"June",45.1865,-122.7907,8.296063,4,1,"V6",1,0,"R6",2014-06-01
"396",108,2014,"July",45.1865,-122.7907,8.296063,3,0.89,"V6",1,0,"R6",2014-07-01
"397",1,2015,"April",45.0405,-122.7772,0.6879662,0,0,"non-V6",1,1,"non-R6",2015-04-01
"398",1,2015,"May",45.0405,-122.7772,0.6879662,0,0,"non-V6",1,1,"non-R6",2015-05-01
"399",1,2015,"June",45.0405,-122.7772,0.6879662,2,0,"non-V6",1,1,"non-R6",2015-06-01
"400",1,2015,"July",45.0405,-122.7772,0.6879662,1,0,"non-V6",1,1,"non-R6",2015-07-01
"401",2,2015,"April",45.0411,-122.7766,0.8903092,0,0,"non-V6",1,1,"non-R6",2015-04-01
"402",2,2015,"May",45.0411,-122.7766,0.8903092,0,0,"non-V6",1,1,"non-R6",2015-05-01
"403",2,2015,"June",45.0411,-122.7766,0.8903092,2,0,"non-V6",1,1,"non-R6",2015-06-01
"404",2,2015,"July",45.0411,-122.7766,0.8903092,1,0,"non-V6",1,1,"non-R6",2015-07-01
"405",3,2015,"April",45.0405,-122.7778,2.3876474,0,0,"non-V6",1,1,"non-R6",2015-04-01
"406",3,2015,"May",45.0405,-122.7778,2.3876474,0,0,"non-V6",1,1,"non-R6",2015-05-01
"407",3,2015,"June",45.0405,-122.7778,2.3876474,2,0,"non-V6",1,1,"non-R6",2015-06-01
"408",3,2015,"July",45.0405,-122.7778,2.3876474,1,0,"non-V6",1,1,"non-R6",2015-07-01
"409",4,2015,"April",45.0377,-122.7779,1.2545266,0,0,"non-V6",1,1,"non-R6",2015-04-01
"410",4,2015,"May",45.0377,-122.7779,1.2545266,0,0,"non-V6",1,1,"non-R6",2015-05-01
"411",4,2015,"June",45.0377,-122.7779,1.2545266,2,0,"non-V6",1,1,"non-R6",2015-06-01
"412",4,2015,"July",45.0377,-122.7779,1.2545266,1,0,"non-V6",1,1,"non-R6",2015-07-01
"413",5,2015,"April",45.0412,-122.7753,2.9542078,0,0,"V6",1,1,"non-R6",2015-04-01
"414",5,2015,"May",45.0412,-122.7753,2.9542078,0,0,"V6",1,1,"non-R6",2015-05-01
"415",5,2015,"June",45.0412,-122.7753,2.9542078,2,0.01,"V6",1,1,"non-R6",2015-06-01
"416",5,2015,"July",45.0412,-122.7753,2.9542078,1,0,"V6",1,1,"non-R6",2015-07-01
"417",6,2015,"April",45.0403,-122.7818,7.7699712,0,0,"non-V6",1,1,"non-R6",2015-04-01
"418",6,2015,"May",45.0403,-122.7818,7.7699712,0,0,"non-V6",1,1,"non-R6",2015-05-01
"419",6,2015,"June",45.0403,-122.7818,7.7699712,2,0,"non-V6",1,1,"non-R6",2015-06-01
"420",6,2015,"July",45.0403,-122.7818,7.7699712,1,0,"non-V6",1,1,"non-R6",2015-07-01
"421",7,2015,"April",45.0377,-122.7771,2.0638986,0,0,"non-V6",1,1,"non-R6",2015-04-01
"422",7,2015,"May",45.0377,-122.7771,2.0638986,0,0,"non-V6",1,1,"non-R6",2015-05-01
"423",7,2015,"June",45.0377,-122.7771,2.0638986,2,0,"non-V6",1,1,"non-R6",2015-06-01
"424",7,2015,"July",45.0377,-122.7771,2.0638986,1,0,"non-V6",1,1,"non-R6",2015-07-01
"425",8,2015,"April",45.0775,-122.7656,7.0010678,0,0,"non-V6",1,1,"non-R6",2015-04-01
"426",8,2015,"May",45.0775,-122.7656,7.0010678,0,0.005,"non-V6",1,1,"non-R6",2015-05-01
"427",8,2015,"June",45.0775,-122.7656,7.0010678,2,0.24,"non-V6",1,1,"non-R6",2015-06-01
"428",8,2015,"July",45.0775,-122.7656,7.0010678,1,0.03,"non-V6",1,1,"non-R6",2015-07-01
"429",9,2015,"April",45.0839,-122.7614,3.844517,0,0,"non-V6",1,1,"non-R6",2015-04-01
"430",9,2015,"May",45.0839,-122.7614,3.844517,0,0.01,"non-V6",1,1,"non-R6",2015-05-01
"431",9,2015,"June",45.0839,-122.7614,3.844517,2,0.6,"non-V6",1,1,"non-R6",2015-06-01
"432",9,2015,"July",45.0839,-122.7614,3.844517,1,0,"non-V6",1,1,"non-R6",2015-07-01
"433",10,2015,"April",45.079,-122.7666,2.02343,0,0,"non-V6",1,1,"non-R6",2015-04-01
"434",10,2015,"May",45.079,-122.7666,2.02343,0,0,"non-V6",1,1,"non-R6",2015-05-01
"435",10,2015,"June",45.079,-122.7666,2.02343,2,0.08,"non-V6",1,1,"non-R6",2015-06-01
"436",10,2015,"July",45.079,-122.7666,2.02343,1,0.08,"non-V6",1,1,"non-R6",2015-07-01
"437",11,2015,"April",45.0842,-122.7656,3.8849856,0,0.005,"non-V6",1,1,"non-R6",2015-04-01
"438",11,2015,"May",45.0842,-122.7656,3.8849856,0,0,"non-V6",1,1,"non-R6",2015-05-01
"439",11,2015,"June",45.0842,-122.7656,3.8849856,2,0.15,"non-V6",1,1,"non-R6",2015-06-01
"440",11,2015,"July",45.0842,-122.7656,3.8849856,1,0,"non-V6",1,1,"non-R6",2015-07-01
"441",12,2015,"April",45.0839,-122.763,5.260918,0,0,"V6",1,1,"non-R6",2015-04-01
"442",12,2015,"May",45.0839,-122.763,5.260918,0,0,"V6",1,1,"non-R6",2015-05-01
"443",12,2015,"June",45.0839,-122.763,5.260918,2,0.03,"V6",1,1,"non-R6",2015-06-01
"444",12,2015,"July",45.0839,-122.763,5.260918,1,0,"V6",1,1,"non-R6",2015-07-01
"445",13,2015,"April",45.0805,-122.7666,11.0074592,0,0,"V6",1,1,"non-R6",2015-04-01
"446",13,2015,"May",45.0805,-122.7666,11.0074592,0,0,"V6",1,1,"non-R6",2015-05-01
"447",13,2015,"June",45.0805,-122.7666,11.0074592,2,0.35,"V6",1,1,"non-R6",2015-06-01
"448",13,2015,"July",45.0805,-122.7666,11.0074592,1,0.09,"V6",1,1,"non-R6",2015-07-01
"449",14,2015,"April",45.0405,-122.7794,5.867947,0,0,"non-V6",1,1,"non-R6",2015-04-01
"450",14,2015,"May",45.0405,-122.7794,5.867947,0,0,"non-V6",1,1,"non-R6",2015-05-01
"451",14,2015,"June",45.0405,-122.7794,5.867947,2,0,"non-V6",1,1,"non-R6",2015-06-01
"452",14,2015,"July",45.0405,-122.7794,5.867947,1,0,"non-V6",1,1,"non-R6",2015-07-01
"453",15,2015,"April",45.0375,-122.7815,6.1916958,0,0,"non-V6",1,1,"non-R6",2015-04-01
"454",15,2015,"May",45.0375,-122.7815,6.1916958,0,0,"non-V6",1,1,"non-R6",2015-05-01
"455",15,2015,"June",45.0375,-122.7815,6.1916958,2,0,"non-V6",1,1,"non-R6",2015-06-01
"456",15,2015,"July",45.0375,-122.7815,6.1916958,1,0,"non-V6",1,1,"non-R6",2015-07-01
"457",16,2015,"April",45.0799,-122.7262,7.8509084,0,0,"non-V6",1,1,"non-R6",2015-04-01
"458",16,2015,"May",45.0799,-122.7262,7.8509084,0,0,"non-V6",1,1,"non-R6",2015-05-01
"459",16,2015,"June",45.0799,-122.7262,7.8509084,2,0,"non-V6",1,1,"non-R6",2015-06-01
"460",16,2015,"July",45.0799,-122.7262,7.8509084,1,0,"non-V6",1,1,"non-R6",2015-07-01
"461",17,2015,"April",45.0826,-122.7274,6.9201306,0,0,"non-V6",1,1,"non-R6",2015-04-01
"462",17,2015,"May",45.0826,-122.7274,6.9201306,0,0,"non-V6",1,1,"non-R6",2015-05-01
"463",17,2015,"June",45.0826,-122.7274,6.9201306,2,0,"non-V6",1,1,"non-R6",2015-06-01
"464",17,2015,"July",45.0826,-122.7274,6.9201306,1,0,"non-V6",1,1,"non-R6",2015-07-01
"465",18,2015,"April",45.0799,-122.7239,3.8849856,0,0,"non-V6",1,1,"non-R6",2015-04-01
"466",18,2015,"May",45.0799,-122.7239,3.8849856,0,0,"non-V6",1,1,"non-R6",2015-05-01
"467",18,2015,"June",45.0799,-122.7239,3.8849856,2,0,"non-V6",1,1,"non-R6",2015-06-01
"468",18,2015,"July",45.0799,-122.7239,3.8849856,1,0,"non-V6",1,1,"non-R6",2015-07-01
"469",19,2015,"April",45.0412,-122.7729,3.7231112,0,0,"non-V6",1,1,"non-R6",2015-04-01
"470",19,2015,"May",45.0412,-122.7729,3.7231112,0,0,"non-V6",1,1,"non-R6",2015-05-01
"471",19,2015,"June",45.0412,-122.7729,3.7231112,2,0,"non-V6",1,1,"non-R6",2015-06-01
"472",19,2015,"July",45.0412,-122.7729,3.7231112,1,0,"non-V6",1,1,"non-R6",2015-07-01
"473",20,2015,"April",45.0376,-122.779,3.1160822,0,0,"non-V6",1,1,"non-R6",2015-04-01
"474",20,2015,"May",45.0376,-122.779,3.1160822,0,0,"non-V6",1,1,"non-R6",2015-05-01
"475",20,2015,"June",45.0376,-122.779,3.1160822,2,0,"non-V6",1,1,"non-R6",2015-06-01
"476",20,2015,"July",45.0376,-122.779,3.1160822,1,0,"non-V6",1,1,"non-R6",2015-07-01
"477",22,2015,"April",45.088,-122.742,10.4408988,0,0,"V6",1,1,"non-R6",2015-04-01
"478",22,2015,"May",45.088,-122.742,10.4408988,1,0,"V6",1,1,"non-R6",2015-05-01
"479",22,2015,"June",45.088,-122.742,10.4408988,2,0.03,"V6",1,1,"non-R6",2015-06-01
"480",22,2015,"July",45.088,-122.742,10.4408988,1,0.8,"V6",1,1,"non-R6",2015-07-01
"481",23,2015,"April",45.0833,-122.7513,18.008527,0,0,"V6",1,0,"R6",2015-04-01
"482",23,2015,"May",45.0833,-122.7513,18.008527,2,0,"V6",1,0,"R6",2015-05-01
"483",23,2015,"June",45.0833,-122.7513,18.008527,1,0.03,"V6",1,0,"R6",2015-06-01
"484",23,2015,"July",45.0833,-122.7513,18.008527,1,0.11,"V6",1,0,"R6",2015-07-01
"485",24,2015,"April",45.0772,-122.7606,12.949952,0,0,"V6",1,0,"R6",2015-04-01
"486",24,2015,"May",45.0772,-122.7606,12.949952,1,0,"V6",1,0,"R6",2015-05-01
"487",24,2015,"June",45.0772,-122.7606,12.949952,1,0,"V6",1,0,"R6",2015-06-01
"488",24,2015,"July",45.0772,-122.7606,12.949952,1,0.01,"V6",1,0,"R6",2015-07-01
"489",25,2015,"April",45.0771,-122.7557,8.0127828,0,0,"V6",1,0,"R6",2015-04-01
"490",25,2015,"May",45.0771,-122.7557,8.0127828,1,0,"V6",1,0,"R6",2015-05-01
"491",25,2015,"June",45.0771,-122.7557,8.0127828,1,0.02,"V6",1,0,"R6",2015-06-01
"492",25,2015,"July",45.0771,-122.7557,8.0127828,1,0,"V6",1,0,"R6",2015-07-01
"493",26,2015,"April",45.08,-122.7407,12.7880776,0,0,"non-V6",1,1,"non-R6",2015-04-01
"494",26,2015,"May",45.08,-122.7407,12.7880776,2,0,"non-V6",1,1,"non-R6",2015-05-01
"495",26,2015,"June",45.08,-122.7407,12.7880776,0,0,"non-V6",1,1,"non-R6",2015-06-01
"496",26,2015,"July",45.08,-122.7407,12.7880776,1,0,"non-V6",1,1,"non-R6",2015-07-01
"497",27,2015,"April",45.0925,-122.7523,15.0947878,0,0,"V6",1,1,"non-R6",2015-04-01
"498",27,2015,"May",45.0925,-122.7523,15.0947878,2,0,"V6",1,1,"non-R6",2015-05-01
"499",27,2015,"June",45.0925,-122.7523,15.0947878,0,0.33,"V6",1,1,"non-R6",2015-06-01
"500",27,2015,"July",45.0925,-122.7523,15.0947878,1,0.02,"V6",1,1,"non-R6",2015-07-01
"501",28,2015,"April",45.0936,-122.7569,9.1459036,0,0.005,"V6",1,0,"R6",2015-04-01
"502",28,2015,"May",45.0936,-122.7569,9.1459036,0,0,"V6",1,0,"R6",2015-05-01
"503",28,2015,"June",45.0936,-122.7569,9.1459036,2,0.37,"V6",1,0,"R6",2015-06-01
"504",28,2015,"July",45.0936,-122.7569,9.1459036,1,1,"V6",1,0,"R6",2015-07-01
"505",29,2015,"April",45.0926,-122.7473,21.3269522,0,0,"V6",1,0,"R6",2015-04-01
"506",29,2015,"May",45.0926,-122.7473,21.3269522,2,0,"V6",1,0,"R6",2015-05-01
"507",29,2015,"June",45.0926,-122.7473,21.3269522,1,0.98,"V6",1,0,"R6",2015-06-01
"508",29,2015,"July",45.0926,-122.7473,21.3269522,2,0.59,"V6",1,0,"R6",2015-07-01
"509",30,2015,"April",45.0891,-122.7526,4.1682658,0,0,"V6",1,1,"non-R6",2015-04-01
"510",30,2015,"May",45.0891,-122.7526,4.1682658,2,0,"V6",1,1,"non-R6",2015-05-01
"511",30,2015,"June",45.0891,-122.7526,4.1682658,1,0.3,"V6",1,1,"non-R6",2015-06-01
"512",30,2015,"July",45.0891,-122.7526,4.1682658,1,0.9,"V6",1,1,"non-R6",2015-07-01
"513",31,2015,"April",45.0891,-122.7476,14.8115076,0,0,"V6",1,1,"non-R6",2015-04-01
"514",31,2015,"May",45.0891,-122.7476,14.8115076,2,0,"V6",1,1,"non-R6",2015-05-01
"515",31,2015,"June",45.0891,-122.7476,14.8115076,1,0.22,"V6",1,1,"non-R6",2015-06-01
"516",31,2015,"July",45.0891,-122.7476,14.8115076,1,1,"V6",1,1,"non-R6",2015-07-01
"517",32,2015,"April",45.08658124,-122.7600993,0.9307778,0,0,"V6",1,1,"non-R6",2015-04-01
"518",32,2015,"May",45.08658124,-122.7600993,0.9307778,2,0,"V6",1,1,"non-R6",2015-05-01
"519",32,2015,"June",45.08658124,-122.7600993,0.9307778,1,0.17,"V6",1,1,"non-R6",2015-06-01
"520",32,2015,"July",45.08658124,-122.7600993,0.9307778,1,0.03,"V6",1,1,"non-R6",2015-07-01
"521",33,2015,"April",45.0642426,-122.7814615,5.6251354,0,0,"non-V6",1,1,"non-R6",2015-04-01
"522",33,2015,"May",45.0642426,-122.7814615,5.6251354,0,0,"non-V6",1,1,"non-R6",2015-05-01
"523",33,2015,"June",45.0642426,-122.7814615,5.6251354,1,0,"non-V6",1,1,"non-R6",2015-06-01
"524",33,2015,"July",45.0642426,-122.7814615,5.6251354,1,0,"non-V6",1,1,"non-R6",2015-07-01
"525",34,2015,"April",45.06597081,-122.780462,3.3993624,0,0,"non-V6",1,1,"non-R6",2015-04-01
"526",34,2015,"May",45.06597081,-122.780462,3.3993624,0,0,"non-V6",1,1,"non-R6",2015-05-01
"527",34,2015,"June",45.06597081,-122.780462,3.3993624,2,0,"non-V6",1,1,"non-R6",2015-06-01
"528",34,2015,"July",45.06597081,-122.780462,3.3993624,1,0,"non-V6",1,1,"non-R6",2015-07-01
"529",35,2015,"April",45.06594958,-122.782934,4.856232,0,0,"non-V6",1,1,"non-R6",2015-04-01
"530",35,2015,"May",45.06594958,-122.782934,4.856232,0,0,"non-V6",1,1,"non-R6",2015-05-01
"531",35,2015,"June",45.06594958,-122.782934,4.856232,2,0,"non-V6",1,1,"non-R6",2015-06-01
"532",35,2015,"July",45.06594958,-122.782934,4.856232,1,0.01,"non-V6",1,1,"non-R6",2015-07-01
"533",36,2015,"April",45.060726,-122.79329,16.8754062,0,0,"non-V6",1,1,"non-R6",2015-04-01
"534",36,2015,"May",45.060726,-122.79329,16.8754062,0,0,"non-V6",1,1,"non-R6",2015-05-01
"535",36,2015,"June",45.060726,-122.79329,16.8754062,2,0,"non-V6",1,1,"non-R6",2015-06-01
"536",36,2015,"July",45.060726,-122.79329,16.8754062,1,0,"non-V6",1,1,"non-R6",2015-07-01
"537",37,2015,"April",45.1684,-122.8832,6.4345074,0,0,"non-V6",1,0,"R6",2015-04-01
"538",37,2015,"May",45.1684,-122.8832,6.4345074,1,0,"non-V6",1,0,"R6",2015-05-01
"539",37,2015,"June",45.1684,-122.8832,6.4345074,1,0,"non-V6",1,0,"R6",2015-06-01
"540",37,2015,"July",45.1684,-122.8832,6.4345074,0,0,"non-V6",1,0,"R6",2015-07-01
"541",38,2015,"April",45.2005,-122.9142,19.8700826,0,0,"non-V6",1,0,"R6",2015-04-01
"542",38,2015,"May",45.2005,-122.9142,19.8700826,1,0,"non-V6",1,0,"R6",2015-05-01
"543",38,2015,"June",45.2005,-122.9142,19.8700826,1,0,"non-V6",1,0,"R6",2015-06-01
"544",38,2015,"July",45.2005,-122.9142,19.8700826,0,0,"non-V6",1,0,"R6",2015-07-01
"545",39,2015,"April",45.1654,-122.8855,5.5441982,0,0,"non-V6",1,1,"non-R6",2015-04-01
"546",39,2015,"May",45.1654,-122.8855,5.5441982,0,0,"non-V6",1,1,"non-R6",2015-05-01
"547",39,2015,"June",45.1654,-122.8855,5.5441982,2,0,"non-V6",1,1,"non-R6",2015-06-01
"548",39,2015,"July",45.1654,-122.8855,5.5441982,0,0,"non-V6",1,1,"non-R6",2015-07-01
"549",40,2015,"April",45.1653,-122.8751,2.5495218,0,0,"non-V6",1,1,"non-R6",2015-04-01
"550",40,2015,"May",45.1653,-122.8751,2.5495218,1,0,"non-V6",1,1,"non-R6",2015-05-01
"551",40,2015,"June",45.1653,-122.8751,2.5495218,0,0,"non-V6",1,1,"non-R6",2015-06-01
"552",40,2015,"July",45.1653,-122.8751,2.5495218,1,0,"non-V6",1,1,"non-R6",2015-07-01
"553",41,2015,"April",45.1672,-122.8792,4.8967006,0,0,"non-V6",1,1,"non-R6",2015-04-01
"554",41,2015,"May",45.1672,-122.8792,4.8967006,0,0,"non-V6",1,1,"non-R6",2015-05-01
"555",41,2015,"June",45.1672,-122.8792,4.8967006,1,0,"non-V6",1,1,"non-R6",2015-06-01
"556",41,2015,"July",45.1672,-122.8792,4.8967006,1,0,"non-V6",1,1,"non-R6",2015-07-01
"557",42,2015,"April",45.1675,-122.8792,0.8498406,0,0,"non-V6",1,0,"R6",2015-04-01
"558",42,2015,"May",45.1675,-122.8792,0.8498406,0,0,"non-V6",1,0,"R6",2015-05-01
"559",42,2015,"June",45.1675,-122.8792,0.8498406,1,0,"non-V6",1,0,"R6",2015-06-01
"560",42,2015,"July",45.1675,-122.8792,0.8498406,1,0,"non-V6",1,0,"R6",2015-07-01
"561",43,2015,"April",45.1685,-122.9058,9.0649664,0,0,"non-V6",1,1,"non-R6",2015-04-01
"562",43,2015,"May",45.1685,-122.9058,9.0649664,1,0,"non-V6",1,1,"non-R6",2015-05-01
"563",43,2015,"June",45.1685,-122.9058,9.0649664,1,0.01,"non-V6",1,1,"non-R6",2015-06-01
"564",43,2015,"July",45.1685,-122.9058,9.0649664,1,0,"non-V6",1,1,"non-R6",2015-07-01
"565",44,2015,"April",45.1653,-122.8815,14.9329134,0,0,"non-V6",1,0,"R6",2015-04-01
"566",44,2015,"May",45.1653,-122.8815,14.9329134,1,0,"non-V6",1,0,"R6",2015-05-01
"567",44,2015,"June",45.1653,-122.8815,14.9329134,1,0,"non-V6",1,0,"R6",2015-06-01
"568",44,2015,"July",45.1653,-122.8815,14.9329134,0,0,"non-V6",1,0,"R6",2015-07-01
"569",45,2015,"April",45.1659,-122.8885,7.3652852,0,0,"non-V6",1,1,"non-R6",2015-04-01
"570",45,2015,"May",45.1659,-122.8885,7.3652852,0,0,"non-V6",1,1,"non-R6",2015-05-01
"571",45,2015,"June",45.1659,-122.8885,7.3652852,2,0,"non-V6",1,1,"non-R6",2015-06-01
"572",45,2015,"July",45.1659,-122.8885,7.3652852,0,0,"non-V6",1,1,"non-R6",2015-07-01
"573",46,2015,"April",45.1996,-122.8464,11.0479278,0,0,"non-V6",1,1,"non-R6",2015-04-01
"574",46,2015,"May",45.1996,-122.8464,11.0479278,0,0,"non-V6",1,1,"non-R6",2015-05-01
"575",46,2015,"June",45.1996,-122.8464,11.0479278,2,0,"non-V6",1,1,"non-R6",2015-06-01
"576",46,2015,"July",45.1996,-122.8464,11.0479278,0,0,"non-V6",1,1,"non-R6",2015-07-01
"577",49,2015,"April",45.19236103,-122.7662059,3.3184252,0,0,"non-V6",1,1,"non-R6",2015-04-01
"578",49,2015,"May",45.19236103,-122.7662059,3.3184252,1,0,"non-V6",1,1,"non-R6",2015-05-01
"579",49,2015,"June",45.19236103,-122.7662059,3.3184252,2,0,"non-V6",1,1,"non-R6",2015-06-01
"580",49,2015,"July",45.19236103,-122.7662059,3.3184252,0,0,"non-V6",1,1,"non-R6",2015-07-01
"581",50,2015,"April",45.19,-122.7621,3.439831,0,0,"non-V6",1,1,"non-R6",2015-04-01
"582",50,2015,"May",45.19,-122.7621,3.439831,1,0,"non-V6",1,1,"non-R6",2015-05-01
"583",50,2015,"June",45.19,-122.7621,3.439831,2,0,"non-V6",1,1,"non-R6",2015-06-01
"584",50,2015,"July",45.19,-122.7621,3.439831,0,0,"non-V6",1,1,"non-R6",2015-07-01
"585",51,2015,"April",45.19309699,-122.7660129,1.7401498,0,0,"non-V6",1,1,"non-R6",2015-04-01
"586",51,2015,"May",45.19309699,-122.7660129,1.7401498,1,0,"non-V6",1,1,"non-R6",2015-05-01
"587",51,2015,"June",45.19309699,-122.7660129,1.7401498,2,0,"non-V6",1,1,"non-R6",2015-06-01
"588",51,2015,"July",45.19309699,-122.7660129,1.7401498,0,0,"non-V6",1,1,"non-R6",2015-07-01
"589",53,2015,"April",45.1932,-122.7715,7.2034108,0,0,"non-V6",1,1,"non-R6",2015-04-01
"590",53,2015,"May",45.1932,-122.7715,7.2034108,0,0,"non-V6",1,1,"non-R6",2015-05-01
"591",53,2015,"June",45.1932,-122.7715,7.2034108,3,0,"non-V6",1,1,"non-R6",2015-06-01
"592",53,2015,"July",45.1932,-122.7715,7.2034108,0,0,"non-V6",1,1,"non-R6",2015-07-01
"593",54,2015,"April",45.1909,-122.7707,7.2438794,0,0,"non-V6",1,1,"non-R6",2015-04-01
"594",54,2015,"May",45.1909,-122.7707,7.2438794,0,0,"non-V6",1,1,"non-R6",2015-05-01
"595",54,2015,"June",45.1909,-122.7707,7.2438794,1,0,"non-V6",1,1,"non-R6",2015-06-01
"596",54,2015,"July",45.1909,-122.7707,7.2438794,0,0,"non-V6",1,1,"non-R6",2015-07-01
"597",55,2015,"April",45.201,-122.7725,3.1565508,0,0,"V6",1,0,"R6",2015-04-01
"598",55,2015,"May",45.201,-122.7725,3.1565508,0,0,"V6",1,0,"R6",2015-05-01
"599",55,2015,"June",45.201,-122.7725,3.1565508,3,0.01,"V6",1,0,"R6",2015-06-01
"600",55,2015,"July",45.201,-122.7725,3.1565508,2,0,"V6",1,0,"R6",2015-07-01
"601",56,2015,"April",45.1994,-122.774,6.7582562,0,0,"V6",1,0,"R6",2015-04-01
"602",56,2015,"May",45.1994,-122.774,6.7582562,0,0,"V6",1,0,"R6",2015-05-01
"603",56,2015,"June",45.1994,-122.774,6.7582562,3,0.01,"V6",1,0,"R6",2015-06-01
"604",56,2015,"July",45.1994,-122.774,6.7582562,2,0.02,"V6",1,0,"R6",2015-07-01
"605",57,2015,"April",45.189,-122.7707,7.7295026,0,0,"V6",1,0,"R6",2015-04-01
"606",57,2015,"May",45.189,-122.7707,7.7295026,0,0,"V6",1,0,"R6",2015-05-01
"607",57,2015,"June",45.189,-122.7707,7.7295026,3,0.61,"V6",1,0,"R6",2015-06-01
"608",57,2015,"July",45.189,-122.7707,7.7295026,2,0.02,"V6",1,0,"R6",2015-07-01
"609",58,2015,"April",45.1978,-122.7726,2.9946764,0,0,"V6",1,0,"R6",2015-04-01
"610",58,2015,"May",45.1978,-122.7726,2.9946764,0,0,"V6",1,0,"R6",2015-05-01
"611",58,2015,"June",45.1978,-122.7726,2.9946764,4,0.71,"V6",1,0,"R6",2015-06-01
"612",58,2015,"July",45.1978,-122.7726,2.9946764,1,0.09,"V6",1,0,"R6",2015-07-01
"613",59,2015,"April",45.19355914,-122.7656004,1.3759324,0,0,"V6",1,1,"non-R6",2015-04-01
"614",59,2015,"May",45.19355914,-122.7656004,1.3759324,2,0,"V6",1,1,"non-R6",2015-05-01
"615",59,2015,"June",45.19355914,-122.7656004,1.3759324,2,0,"V6",1,1,"non-R6",2015-06-01
"616",59,2015,"July",45.19355914,-122.7656004,1.3759324,0,0.01,"V6",1,1,"non-R6",2015-07-01
"617",60,2015,"April",45.1173,-122.8455,2.428116,0,0,"V6",1,0,"R6",2015-04-01
"618",60,2015,"May",45.1173,-122.8455,2.428116,0,0,"V6",1,0,"R6",2015-05-01
"619",60,2015,"June",45.1173,-122.8455,2.428116,0,0.16,"V6",1,0,"R6",2015-06-01
"620",60,2015,"July",45.1173,-122.8455,2.428116,2,0.11,"V6",1,0,"R6",2015-07-01
"621",61,2015,"April",45.1174,-122.8464,2.428116,0,0,"non-V6",1,0,"R6",2015-04-01
"622",61,2015,"May",45.1174,-122.8464,2.428116,0,0,"non-V6",1,0,"R6",2015-05-01
"623",61,2015,"June",45.1174,-122.8464,2.428116,0,0,"non-V6",1,0,"R6",2015-06-01
"624",61,2015,"July",45.1174,-122.8464,2.428116,2,0,"non-V6",1,0,"R6",2015-07-01
"625",62,2015,"April",45.1173,-122.845,0.404686,0,0,"V6",1,1,"non-R6",2015-04-01
"626",62,2015,"May",45.1173,-122.845,0.404686,0,0,"V6",1,1,"non-R6",2015-05-01
"627",62,2015,"June",45.1173,-122.845,0.404686,0,0.24,"V6",1,1,"non-R6",2015-06-01
"628",62,2015,"July",45.1173,-122.845,0.404686,2,0.04,"V6",1,1,"non-R6",2015-07-01
"629",63,2015,"April",45.1177,-122.8433,8.4174688,0,0,"V6",1,0,"R6",2015-04-01
"630",63,2015,"May",45.1177,-122.8433,8.4174688,0,0,"V6",1,0,"R6",2015-05-01
"631",63,2015,"June",45.1177,-122.8433,8.4174688,0,0,"V6",1,0,"R6",2015-06-01
"632",63,2015,"July",45.1177,-122.8433,8.4174688,2,0.01,"V6",1,0,"R6",2015-07-01
"633",64,2015,"April",45.1179,-122.8399,16.389783,0,0,"non-V6",1,1,"non-R6",2015-04-01
"634",64,2015,"May",45.1179,-122.8399,16.389783,0,0,"non-V6",1,1,"non-R6",2015-05-01
"635",64,2015,"June",45.1179,-122.8399,16.389783,1,0,"non-V6",1,1,"non-R6",2015-06-01
"636",64,2015,"July",45.1179,-122.8399,16.389783,1,0,"non-V6",1,1,"non-R6",2015-07-01
"637",65,2015,"April",45.1177,-122.8353,16.0255656,0,0,"V6",1,0,"R6",2015-04-01
"638",65,2015,"May",45.1177,-122.8353,16.0255656,0,0,"V6",1,0,"R6",2015-05-01
"639",65,2015,"June",45.1177,-122.8353,16.0255656,0,0,"V6",1,0,"R6",2015-06-01
"640",65,2015,"July",45.1177,-122.8353,16.0255656,2,0.01,"V6",1,0,"R6",2015-07-01
"641",66,2015,"April",45.1177,-122.8307,15.6208796,0,0,"V6",1,1,"non-R6",2015-04-01
"642",66,2015,"May",45.1177,-122.8307,15.6208796,0,0,"V6",1,1,"non-R6",2015-05-01
"643",66,2015,"June",45.1177,-122.8307,15.6208796,1,0.01,"V6",1,1,"non-R6",2015-06-01
"644",66,2015,"July",45.1177,-122.8307,15.6208796,1,0.01,"V6",1,1,"non-R6",2015-07-01
"645",67,2015,"April",45.1176,-122.8266,12.0596428,0,0,"non-V6",1,0,"R6",2015-04-01
"646",67,2015,"May",45.1176,-122.8266,12.0596428,0,0,"non-V6",1,0,"R6",2015-05-01
"647",67,2015,"June",45.1176,-122.8266,12.0596428,0,0,"non-V6",1,0,"R6",2015-06-01
"648",67,2015,"July",45.1176,-122.8266,12.0596428,2,0,"non-V6",1,0,"R6",2015-07-01
"649",68,2015,"April",45.1137,-122.83,10.1576186,0,0,"non-V6",1,1,"non-R6",2015-04-01
"650",68,2015,"May",45.1137,-122.83,10.1576186,0,0,"non-V6",1,1,"non-R6",2015-05-01
"651",68,2015,"June",45.1137,-122.83,10.1576186,0,0,"non-V6",1,1,"non-R6",2015-06-01
"652",68,2015,"July",45.1137,-122.83,10.1576186,2,0,"non-V6",1,1,"non-R6",2015-07-01
"653",69,2015,"April",45.1144,-122.8564,10.4004302,0,0,"non-V6",1,1,"non-R6",2015-04-01
"654",69,2015,"May",45.1144,-122.8564,10.4004302,0,0,"non-V6",1,1,"non-R6",2015-05-01
"655",69,2015,"June",45.1144,-122.8564,10.4004302,0,0,"non-V6",1,1,"non-R6",2015-06-01
"656",69,2015,"July",45.1144,-122.8564,10.4004302,2,0,"non-V6",1,1,"non-R6",2015-07-01
"657",70,2015,"April",45.1126,-122.8533,8.4174688,0,0,"non-V6",1,1,"non-R6",2015-04-01
"658",70,2015,"May",45.1126,-122.8533,8.4174688,0,0,"non-V6",1,1,"non-R6",2015-05-01
"659",70,2015,"June",45.1126,-122.8533,8.4174688,0,0,"non-V6",1,1,"non-R6",2015-06-01
"660",70,2015,"July",45.1126,-122.8533,8.4174688,2,0,"non-V6",1,1,"non-R6",2015-07-01
"661",71,2015,"April",45.0342,-122.7408,4.0873286,0,0,"non-V6",1,1,"non-R6",2015-04-01
"662",71,2015,"May",45.0342,-122.7408,4.0873286,0,0,"non-V6",1,1,"non-R6",2015-05-01
"663",71,2015,"June",45.0342,-122.7408,4.0873286,2,0,"non-V6",1,1,"non-R6",2015-06-01
"664",71,2015,"July",45.0342,-122.7408,4.0873286,1,0,"non-V6",1,1,"non-R6",2015-07-01
"665",72,2015,"April",45.0337,-122.7402,3.5612368,0,0,"non-V6",1,1,"non-R6",2015-04-01
"666",72,2015,"May",45.0337,-122.7402,3.5612368,0,0,"non-V6",1,1,"non-R6",2015-05-01
"667",72,2015,"June",45.0337,-122.7402,3.5612368,2,0,"non-V6",1,1,"non-R6",2015-06-01
"668",72,2015,"July",45.0337,-122.7402,3.5612368,1,0,"non-V6",1,1,"non-R6",2015-07-01
"669",73,2015,"April",45.0348,-122.7418,7.1224736,0,0,"non-V6",1,1,"non-R6",2015-04-01
"670",73,2015,"May",45.0348,-122.7418,7.1224736,0,0,"non-V6",1,1,"non-R6",2015-05-01
"671",73,2015,"June",45.0348,-122.7418,7.1224736,2,0,"non-V6",1,1,"non-R6",2015-06-01
"672",73,2015,"July",45.0348,-122.7418,7.1224736,1,0,"non-V6",1,1,"non-R6",2015-07-01
"673",75,2015,"April",45.0318,-122.7581,16.3493144,0,0,"non-V6",1,1,"non-R6",2015-04-01
"674",75,2015,"May",45.0318,-122.7581,16.3493144,2,0,"non-V6",1,1,"non-R6",2015-05-01
"675",75,2015,"June",45.0318,-122.7581,16.3493144,2,0,"non-V6",1,1,"non-R6",2015-06-01
"676",75,2015,"July",45.0318,-122.7581,16.3493144,1,0,"non-V6",1,1,"non-R6",2015-07-01
"677",76,2015,"April",45.0315,-122.7704,6.3131016,0,0,"non-V6",1,1,"non-R6",2015-04-01
"678",76,2015,"May",45.0315,-122.7704,6.3131016,0,0,"non-V6",1,1,"non-R6",2015-05-01
"679",76,2015,"June",45.0315,-122.7704,6.3131016,1,0,"non-V6",1,1,"non-R6",2015-06-01
"680",76,2015,"July",45.0315,-122.7704,6.3131016,2,0,"non-V6",1,1,"non-R6",2015-07-01
"681",77,2015,"April",45.0336,-122.7675,9.2673094,0,0,"non-V6",1,1,"non-R6",2015-04-01
"682",77,2015,"May",45.0336,-122.7675,9.2673094,0,0,"non-V6",1,1,"non-R6",2015-05-01
"683",77,2015,"June",45.0336,-122.7675,9.2673094,2,0,"non-V6",1,1,"non-R6",2015-06-01
"684",77,2015,"July",45.0336,-122.7675,9.2673094,1,0,"non-V6",1,1,"non-R6",2015-07-01
"685",78,2015,"April",45.0329,-122.7636,10.1980872,0,0,"non-V6",1,1,"non-R6",2015-04-01
"686",78,2015,"May",45.0329,-122.7636,10.1980872,0,0,"non-V6",1,1,"non-R6",2015-05-01
"687",78,2015,"June",45.0329,-122.7636,10.1980872,2,0,"non-V6",1,1,"non-R6",2015-06-01
"688",78,2015,"July",45.0329,-122.7636,10.1980872,1,0,"non-V6",1,1,"non-R6",2015-07-01
"689",79,2015,"April",45.0334,-122.7654,2.832802,0,0,"non-V6",1,1,"non-R6",2015-04-01
"690",79,2015,"May",45.0334,-122.7654,2.832802,0,0,"non-V6",1,1,"non-R6",2015-05-01
"691",79,2015,"June",45.0334,-122.7654,2.832802,1,0,"non-V6",1,1,"non-R6",2015-06-01
"692",79,2015,"July",45.0334,-122.7654,2.832802,1,0,"non-V6",1,1,"non-R6",2015-07-01
"693",80,2015,"April",45.0347,-122.7603,1.4568696,0,0,"non-V6",1,1,"non-R6",2015-04-01
"694",80,2015,"May",45.0347,-122.7603,1.4568696,0,0,"non-V6",1,1,"non-R6",2015-05-01
"695",80,2015,"June",45.0347,-122.7603,1.4568696,2,0,"non-V6",1,1,"non-R6",2015-06-01
"696",80,2015,"July",45.0347,-122.7603,1.4568696,1,0,"non-V6",1,1,"non-R6",2015-07-01
"697",81,2015,"April",45.0293,-122.7503,6.2321644,0,0,"non-V6",1,1,"non-R6",2015-04-01
"698",81,2015,"May",45.0293,-122.7503,6.2321644,0,0,"non-V6",1,1,"non-R6",2015-05-01
"699",81,2015,"June",45.0293,-122.7503,6.2321644,2,0,"non-V6",1,1,"non-R6",2015-06-01
"700",81,2015,"July",45.0293,-122.7503,6.2321644,1,0,"non-V6",1,1,"non-R6",2015-07-01
"701",82,2015,"April",45.0295,-122.7542,12.0596428,0,0,"non-V6",1,1,"non-R6",2015-04-01
"702",82,2015,"May",45.0295,-122.7542,12.0596428,0,0,"non-V6",1,1,"non-R6",2015-05-01
"703",82,2015,"June",45.0295,-122.7542,12.0596428,2,0,"non-V6",1,1,"non-R6",2015-06-01
"704",82,2015,"July",45.0295,-122.7542,12.0596428,1,0,"non-V6",1,1,"non-R6",2015-07-01
"705",83,2015,"April",45.027679,-122.762407,2.2662416,0,0,"non-V6",1,1,"non-R6",2015-04-01
"706",83,2015,"May",45.027679,-122.762407,2.2662416,0,0,"non-V6",1,1,"non-R6",2015-05-01
"707",83,2015,"June",45.027679,-122.762407,2.2662416,2,0,"non-V6",1,1,"non-R6",2015-06-01
"708",83,2015,"July",45.027679,-122.762407,2.2662416,1,0,"non-V6",1,1,"non-R6",2015-07-01
"709",84,2015,"April",45.02847442,-122.7597501,4.4110774,0,0,"non-V6",1,1,"non-R6",2015-04-01
"710",84,2015,"May",45.02847442,-122.7597501,4.4110774,0,0,"non-V6",1,1,"non-R6",2015-05-01
"711",84,2015,"June",45.02847442,-122.7597501,4.4110774,1,0,"non-V6",1,1,"non-R6",2015-06-01
"712",84,2015,"July",45.02847442,-122.7597501,4.4110774,1,0,"non-V6",1,1,"non-R6",2015-07-01
"713",85,2015,"April",45.0254,-122.7648,6.07029,0,0,"non-V6",1,1,"non-R6",2015-04-01
"714",85,2015,"May",45.0254,-122.7648,6.07029,0,0,"non-V6",1,1,"non-R6",2015-05-01
"715",85,2015,"June",45.0254,-122.7648,6.07029,1,0,"non-V6",1,1,"non-R6",2015-06-01
"716",85,2015,"July",45.0254,-122.7648,6.07029,2,0,"non-V6",1,1,"non-R6",2015-07-01
"717",86,2015,"April",45.0258,-122.7621,8.903092,0,0,"non-V6",1,1,"non-R6",2015-04-01
"718",86,2015,"May",45.0258,-122.7621,8.903092,0,0,"non-V6",1,1,"non-R6",2015-05-01
"719",86,2015,"June",45.0258,-122.7621,8.903092,2,0,"non-V6",1,1,"non-R6",2015-06-01
"720",86,2015,"July",45.0258,-122.7621,8.903092,1,0,"non-V6",1,1,"non-R6",2015-07-01
"721",87,2015,"April",45.0258,-122.7599,4.2896716,0,0,"non-V6",1,1,"non-R6",2015-04-01
"722",87,2015,"May",45.0258,-122.7599,4.2896716,0,0,"non-V6",1,1,"non-R6",2015-05-01
"723",87,2015,"June",45.0258,-122.7599,4.2896716,1,0,"non-V6",1,1,"non-R6",2015-06-01
"724",87,2015,"July",45.0258,-122.7599,4.2896716,1,0,"non-V6",1,1,"non-R6",2015-07-01
"725",88,2015,"April",45.0258,-122.7569,14.1235414,0,0,"non-V6",1,0,"R6",2015-04-01
"726",88,2015,"May",45.0258,-122.7569,14.1235414,0,0,"non-V6",1,0,"R6",2015-05-01
"727",88,2015,"June",45.0258,-122.7569,14.1235414,2,0,"non-V6",1,0,"R6",2015-06-01
"728",88,2015,"July",45.0258,-122.7569,14.1235414,1,0,"non-V6",1,0,"R6",2015-07-01
"729",90,2015,"April",45.0222,-122.7646,9.0244978,0,0,"non-V6",1,1,"non-R6",2015-04-01
"730",90,2015,"May",45.0222,-122.7646,9.0244978,0,0,"non-V6",1,1,"non-R6",2015-05-01
"731",90,2015,"June",45.0222,-122.7646,9.0244978,2,0,"non-V6",1,1,"non-R6",2015-06-01
"732",90,2015,"July",45.0222,-122.7646,9.0244978,1,0,"non-V6",1,1,"non-R6",2015-07-01
"733",91,2015,"April",45.0213,-122.7666,0.607029,0,0,"non-V6",1,1,"non-R6",2015-04-01
"734",91,2015,"May",45.0213,-122.7666,0.607029,0,0,"non-V6",1,1,"non-R6",2015-05-01
"735",91,2015,"June",45.0213,-122.7666,0.607029,2,0,"non-V6",1,1,"non-R6",2015-06-01
"736",91,2015,"July",45.0213,-122.7666,0.607029,0,0,"non-V6",1,1,"non-R6",2015-07-01
"737",92,2015,"April",45.0279,-122.7664,12.6666718,0,0,"non-V6",1,1,"non-R6",2015-04-01
"738",92,2015,"May",45.0279,-122.7664,12.6666718,0,0,"non-V6",1,1,"non-R6",2015-05-01
"739",92,2015,"June",45.0279,-122.7664,12.6666718,0,0,"non-V6",1,1,"non-R6",2015-06-01
"740",92,2015,"July",45.0279,-122.7664,12.6666718,2,0,"non-V6",1,1,"non-R6",2015-07-01
"741",93,2015,"April",45.0289,-122.7684,10.319493,0,0,"non-V6",1,1,"non-R6",2015-04-01
"742",93,2015,"May",45.0289,-122.7684,10.319493,0,0,"non-V6",1,1,"non-R6",2015-05-01
"743",93,2015,"June",45.0289,-122.7684,10.319493,2,0,"non-V6",1,1,"non-R6",2015-06-01
"744",93,2015,"July",45.0289,-122.7684,10.319493,1,0,"non-V6",1,1,"non-R6",2015-07-01
"745",94,2015,"April",45.0293,-122.7696,2.7923334,0,0,"non-V6",1,1,"non-R6",2015-04-01
"746",94,2015,"May",45.0293,-122.7696,2.7923334,0,0,"non-V6",1,1,"non-R6",2015-05-01
"747",94,2015,"June",45.0293,-122.7696,2.7923334,2,0,"non-V6",1,1,"non-R6",2015-06-01
"748",94,2015,"July",45.0293,-122.7696,2.7923334,1,0,"non-V6",1,1,"non-R6",2015-07-01
"749",95,2015,"April",45.0735694,-122.7370546,6.9201306,0,0,"non-V6",1,1,"non-R6",2015-04-01
"750",95,2015,"May",45.0735694,-122.7370546,6.9201306,0,0,"non-V6",1,1,"non-R6",2015-05-01
"751",95,2015,"June",45.0735694,-122.7370546,6.9201306,2,0,"non-V6",1,1,"non-R6",2015-06-01
"752",95,2015,"July",45.0735694,-122.7370546,6.9201306,0,0,"non-V6",1,1,"non-R6",2015-07-01
"753",97,2015,"April",45.07352504,-122.7338278,4.5729518,0,0,"non-V6",1,1,"non-R6",2015-04-01
"754",97,2015,"May",45.07352504,-122.7338278,4.5729518,0,0,"non-V6",1,1,"non-R6",2015-05-01
"755",97,2015,"June",45.07352504,-122.7338278,4.5729518,2,0,"non-V6",1,1,"non-R6",2015-06-01
"756",97,2015,"July",45.07352504,-122.7338278,4.5729518,0,0,"non-V6",1,1,"non-R6",2015-07-01
"757",98,2015,"April",45.0345,-122.8018,14.8924448,0,0,"non-V6",1,1,"non-R6",2015-04-01
"758",98,2015,"May",45.0345,-122.8018,14.8924448,0,0,"non-V6",1,1,"non-R6",2015-05-01
"759",98,2015,"June",45.0345,-122.8018,14.8924448,1,0,"non-V6",1,1,"non-R6",2015-06-01
"760",98,2015,"July",45.0345,-122.8018,14.8924448,1,0,"non-V6",1,1,"non-R6",2015-07-01
"761",100,2015,"April",45.04313819,-123.0084857,4.451546,0,0,"non-V6",1,1,"non-R6",2015-04-01
"762",100,2015,"May",45.04313819,-123.0084857,4.451546,0,0,"non-V6",1,1,"non-R6",2015-05-01
"763",100,2015,"June",45.04313819,-123.0084857,4.451546,0,0,"non-V6",1,1,"non-R6",2015-06-01
"764",100,2015,"July",45.04313819,-123.0084857,4.451546,1,0,"non-V6",1,1,"non-R6",2015-07-01
"765",101,2015,"April",45.04438495,-123.0049898,6.8391934,0,0,"non-V6",1,1,"non-R6",2015-04-01
"766",101,2015,"May",45.04438495,-123.0049898,6.8391934,1,0,"non-V6",1,1,"non-R6",2015-05-01
"767",101,2015,"June",45.04438495,-123.0049898,6.8391934,1,0,"non-V6",1,1,"non-R6",2015-06-01
"768",101,2015,"July",45.04438495,-123.0049898,6.8391934,1,0,"non-V6",1,1,"non-R6",2015-07-01
"769",102,2015,"April",45.04863521,-123.0018525,5.0181064,0,0,"non-V6",1,1,"non-R6",2015-04-01
"770",102,2015,"May",45.04863521,-123.0018525,5.0181064,0,0,"non-V6",1,1,"non-R6",2015-05-01
"771",102,2015,"June",45.04863521,-123.0018525,5.0181064,0,0,"non-V6",1,1,"non-R6",2015-06-01
"772",102,2015,"July",45.04863521,-123.0018525,5.0181064,0,0,"non-V6",1,1,"non-R6",2015-07-01
"773",103,2015,"April",45.04668339,-123.0018658,3.844517,0,0,"non-V6",1,1,"non-R6",2015-04-01
"774",103,2015,"May",45.04668339,-123.0018658,3.844517,0,0,"non-V6",1,1,"non-R6",2015-05-01
"775",103,2015,"June",45.04668339,-123.0018658,3.844517,0,0,"non-V6",1,1,"non-R6",2015-06-01
"776",103,2015,"July",45.04668339,-123.0018658,3.844517,0,0,"non-V6",1,1,"non-R6",2015-07-01
"777",104,2015,"April",45.04867556,-122.9970352,7.5676282,0,0,"non-V6",1,0,"R6",2015-04-01
"778",104,2015,"May",45.04867556,-122.9970352,7.5676282,1,0,"non-V6",1,0,"R6",2015-05-01
"779",104,2015,"June",45.04867556,-122.9970352,7.5676282,2,0,"non-V6",1,0,"R6",2015-06-01
"780",104,2015,"July",45.04867556,-122.9970352,7.5676282,0,0,"non-V6",1,0,"R6",2015-07-01
"781",105,2015,"April",45.04698368,-122.9970869,8.296063,0,0,"non-V6",1,1,"non-R6",2015-04-01
"782",105,2015,"May",45.04698368,-122.9970869,8.296063,0,0,"non-V6",1,1,"non-R6",2015-05-01
"783",105,2015,"June",45.04698368,-122.9970869,8.296063,0,0,"non-V6",1,1,"non-R6",2015-06-01
"784",105,2015,"July",45.04698368,-122.9970869,8.296063,1,0,"non-V6",1,1,"non-R6",2015-07-01
"785",106,2015,"April",45.04725277,-122.991748,7.9723142,0,0,"non-V6",1,0,"R6",2015-04-01
"786",106,2015,"May",45.04725277,-122.991748,7.9723142,0,0,"non-V6",1,0,"R6",2015-05-01
"787",106,2015,"June",45.04725277,-122.991748,7.9723142,0,0,"non-V6",1,0,"R6",2015-06-01
"788",106,2015,"July",45.04725277,-122.991748,7.9723142,0,0,"non-V6",1,0,"R6",2015-07-01
"789",107,2015,"April",45.04892123,-122.9906777,1.3354638,0,0,"non-V6",1,1,"non-R6",2015-04-01
"790",107,2015,"May",45.04892123,-122.9906777,1.3354638,0,0,"non-V6",1,1,"non-R6",2015-05-01
"791",107,2015,"June",45.04892123,-122.9906777,1.3354638,0,0,"non-V6",1,1,"non-R6",2015-06-01
"792",107,2015,"July",45.04892123,-122.9906777,1.3354638,0,0,"non-V6",1,1,"non-R6",2015-07-01
"793",109,2015,"April",45.0475226,-123.0018704,1.4973382,0,0,"non-V6",1,1,"non-R6",2015-04-01
"794",109,2015,"May",45.0475226,-123.0018704,1.4973382,0,0,"non-V6",1,1,"non-R6",2015-05-01
"795",109,2015,"June",45.0475226,-123.0018704,1.4973382,0,0,"non-V6",1,1,"non-R6",2015-06-01
"796",109,2015,"July",45.0475226,-123.0018704,1.4973382,0,0,"non-V6",1,1,"non-R6",2015-07-01
"797",110,2015,"April",45.1889,-122.7755,6.1107586,0,0,"V6",1,1,"non-R6",2015-04-01
"798",110,2015,"May",45.1889,-122.7755,6.1107586,1,0,"V6",1,1,"non-R6",2015-05-01
"799",110,2015,"June",45.1889,-122.7755,6.1107586,2,0.1,"V6",1,1,"non-R6",2015-06-01
"800",110,2015,"July",45.1889,-122.7755,6.1107586,3,0.12,"V6",1,1,"non-R6",2015-07-01
"801",111,2015,"April",45.193,-122.7746,6.3131016,0,0,"V6",1,0,"R6",2015-04-01
"802",111,2015,"May",45.193,-122.7746,6.3131016,1,0,"V6",1,0,"R6",2015-05-01
"803",111,2015,"June",45.193,-122.7746,6.3131016,2,0.01,"V6",1,0,"R6",2015-06-01
"804",111,2015,"July",45.193,-122.7746,6.3131016,2,0.39,"V6",1,0,"R6",2015-07-01
"805",112,2015,"April",45.1964,-122.7797,6.272633,0,0,"non-V6",1,1,"non-R6",2015-04-01
"806",112,2015,"May",45.1964,-122.7797,6.272633,1,0,"non-V6",1,1,"non-R6",2015-05-01
"807",112,2015,"June",45.1964,-122.7797,6.272633,2,0,"non-V6",1,1,"non-R6",2015-06-01
"808",112,2015,"July",45.1964,-122.7797,6.272633,2,0,"non-V6",1,1,"non-R6",2015-07-01
"809",113,2015,"April",45.1931,-122.7852,10.6837104,0,0,"V6",1,1,"non-R6",2015-04-01
"810",113,2015,"May",45.1931,-122.7852,10.6837104,1,0,"V6",1,1,"non-R6",2015-05-01
"811",113,2015,"June",45.1931,-122.7852,10.6837104,1,0.01,"V6",1,1,"non-R6",2015-06-01
"812",113,2015,"July",45.1931,-122.7852,10.6837104,2,0.11,"V6",1,1,"non-R6",2015-07-01
"813",114,2015,"April",45.1898,-122.7861,8.3770002,0,0,"V6",1,1,"non-R6",2015-04-01
"814",114,2015,"May",45.1898,-122.7861,8.3770002,0,0,"V6",1,1,"non-R6",2015-05-01
"815",114,2015,"June",45.1898,-122.7861,8.3770002,2,0,"V6",1,1,"non-R6",2015-06-01
"816",114,2015,"July",45.1898,-122.7861,8.3770002,2,0.01,"V6",1,1,"non-R6",2015-07-01
"817",115,2015,"April",45.1962,-122.7851,9.9552756,0,0,"V6",1,0,"R6",2015-04-01
"818",115,2015,"May",45.1962,-122.7851,9.9552756,1,0,"V6",1,0,"R6",2015-05-01
"819",115,2015,"June",45.1962,-122.7851,9.9552756,2,0.13,"V6",1,0,"R6",2015-06-01
"820",115,2015,"July",45.1962,-122.7851,9.9552756,2,0.46,"V6",1,0,"R6",2015-07-01
"821",116,2015,"April",45.1864,-122.786,9.2673094,0,0,"V6",1,0,"R6",2015-04-01
"822",116,2015,"May",45.1864,-122.786,9.2673094,1,0,"V6",1,0,"R6",2015-05-01
"823",116,2015,"June",45.1864,-122.786,9.2673094,2,0.27,"V6",1,0,"R6",2015-06-01
"824",116,2015,"July",45.1864,-122.786,9.2673094,1,0.82,"V6",1,0,"R6",2015-07-01
"825",117,2015,"April",45.1863,-122.7811,18.8583676,0,0,"V6",1,0,"R6",2015-04-01
"826",117,2015,"May",45.1863,-122.7811,18.8583676,1,0.03,"V6",1,0,"R6",2015-05-01
"827",117,2015,"June",45.1863,-122.7811,18.8583676,2,0.6,"V6",1,0,"R6",2015-06-01
"828",117,2015,"July",45.1863,-122.7811,18.8583676,1,0.98,"V6",1,0,"R6",2015-07-01
"829",118,2015,"April",45.1905,-122.7928,4.8157634,0,0,"V6",1,1,"non-R6",2015-04-01
"830",118,2015,"May",45.1905,-122.7928,4.8157634,0,0,"V6",1,1,"non-R6",2015-05-01
"831",118,2015,"June",45.1905,-122.7928,4.8157634,2,0.02,"V6",1,1,"non-R6",2015-06-01
"832",118,2015,"July",45.1905,-122.7928,4.8157634,2,0.02,"V6",1,1,"non-R6",2015-07-01
"833",119,2015,"April",45.1897,-122.7802,14.6091646,0,0,"V6",1,0,"R6",2015-04-01
"834",119,2015,"May",45.1897,-122.7802,14.6091646,1,0.01,"V6",1,0,"R6",2015-05-01
"835",119,2015,"June",45.1897,-122.7802,14.6091646,2,0.37,"V6",1,0,"R6",2015-06-01
"836",119,2015,"July",45.1897,-122.7802,14.6091646,1,0.47,"V6",1,0,"R6",2015-07-01
"837",120,2015,"April",45.1986,-122.78,14.0426042,0,0,"non-V6",1,1,"non-R6",2015-04-01
"838",120,2015,"May",45.1986,-122.78,14.0426042,0,0,"non-V6",1,1,"non-R6",2015-05-01
"839",120,2015,"June",45.1986,-122.78,14.0426042,2,0,"non-V6",1,1,"non-R6",2015-06-01
"840",120,2015,"July",45.1986,-122.78,14.0426042,2,0,"non-V6",1,1,"non-R6",2015-07-01
"841",121,2015,"April",45.18827534,-122.7910425,10.5623046,0,0,"non-V6",1,1,"non-R6",2015-04-01
"842",121,2015,"May",45.18827534,-122.7910425,10.5623046,0,0,"non-V6",1,1,"non-R6",2015-05-01
"843",121,2015,"June",45.18827534,-122.7910425,10.5623046,2,0,"non-V6",1,1,"non-R6",2015-06-01
"844",121,2015,"July",45.18827534,-122.7910425,10.5623046,2,0,"non-V6",1,1,"non-R6",2015-07-01
"845",122,2015,"April",45.1865,-122.7907,8.296063,0,0,"V6",1,0,"R6",2015-04-01
"846",122,2015,"May",45.1865,-122.7907,8.296063,1,0,"V6",1,0,"R6",2015-05-01
"847",122,2015,"June",45.1865,-122.7907,8.296063,2,0.12,"V6",1,0,"R6",2015-06-01
"848",122,2015,"July",45.1865,-122.7907,8.296063,3,0.19,"V6",1,0,"R6",2015-07-01
"849",1,2016,"April",45.0405,-122.7772,0.6879662,0,0,"non-V6",1,1,"non-R6",2016-04-01
"850",1,2016,"May",45.0405,-122.7772,0.6879662,0,0,"non-V6",1,1,"non-R6",2016-05-01
"851",1,2016,"June",45.0405,-122.7772,0.6879662,0,0,"non-V6",1,1,"non-R6",2016-06-01
"852",1,2016,"July",45.0405,-122.7772,0.6879662,1,0,"non-V6",1,1,"non-R6",2016-07-01
"853",2,2016,"April",45.0411,-122.7766,0.8903092,0,0,"non-V6",1,1,"non-R6",2016-04-01
"854",2,2016,"May",45.0411,-122.7766,0.8903092,0,0,"non-V6",1,1,"non-R6",2016-05-01
"855",2,2016,"June",45.0411,-122.7766,0.8903092,0,0,"non-V6",1,1,"non-R6",2016-06-01
"856",2,2016,"July",45.0411,-122.7766,0.8903092,1,0,"non-V6",1,1,"non-R6",2016-07-01
"857",3,2016,"April",45.0405,-122.7778,2.3876474,0,0,"non-V6",1,1,"non-R6",2016-04-01
"858",3,2016,"May",45.0405,-122.7778,2.3876474,0,0,"non-V6",1,1,"non-R6",2016-05-01
"859",3,2016,"June",45.0405,-122.7778,2.3876474,0,0,"non-V6",1,1,"non-R6",2016-06-01
"860",3,2016,"July",45.0405,-122.7778,2.3876474,1,0,"non-V6",1,1,"non-R6",2016-07-01
"861",4,2016,"April",45.0377,-122.7779,1.2545266,0,0,"non-V6",1,1,"non-R6",2016-04-01
"862",4,2016,"May",45.0377,-122.7779,1.2545266,0,0,"non-V6",1,1,"non-R6",2016-05-01
"863",4,2016,"June",45.0377,-122.7779,1.2545266,0,0,"non-V6",1,1,"non-R6",2016-06-01
"864",4,2016,"July",45.0377,-122.7779,1.2545266,1,0,"non-V6",1,1,"non-R6",2016-07-01
"865",5,2016,"April",45.0412,-122.7753,2.9542078,0,0,"non-V6",1,1,"non-R6",2016-04-01
"866",5,2016,"May",45.0412,-122.7753,2.9542078,0,0,"non-V6",1,1,"non-R6",2016-05-01
"867",5,2016,"June",45.0412,-122.7753,2.9542078,0,0,"non-V6",1,1,"non-R6",2016-06-01
"868",5,2016,"July",45.0412,-122.7753,2.9542078,1,0,"non-V6",1,1,"non-R6",2016-07-01
"869",6,2016,"April",45.0403,-122.7818,7.7699712,0,0,"non-V6",1,1,"non-R6",2016-04-01
"870",6,2016,"May",45.0403,-122.7818,7.7699712,0,0,"non-V6",1,1,"non-R6",2016-05-01
"871",6,2016,"June",45.0403,-122.7818,7.7699712,0,0,"non-V6",1,1,"non-R6",2016-06-01
"872",6,2016,"July",45.0403,-122.7818,7.7699712,1,0,"non-V6",1,1,"non-R6",2016-07-01
"873",7,2016,"April",45.0377,-122.7771,2.0638986,0,0,"non-V6",1,1,"non-R6",2016-04-01
"874",7,2016,"May",45.0377,-122.7771,2.0638986,0,0,"non-V6",1,1,"non-R6",2016-05-01
"875",7,2016,"June",45.0377,-122.7771,2.0638986,0,0,"non-V6",1,1,"non-R6",2016-06-01
"876",7,2016,"July",45.0377,-122.7771,2.0638986,1,0,"non-V6",1,1,"non-R6",2016-07-01
"877",8,2016,"April",45.0775,-122.7656,7.0010678,0,0,"non-V6",1,1,"non-R6",2016-04-01
"878",8,2016,"May",45.0775,-122.7656,7.0010678,0,0,"non-V6",1,1,"non-R6",2016-05-01
"879",8,2016,"June",45.0775,-122.7656,7.0010678,0,0.08,"non-V6",1,1,"non-R6",2016-06-01
"880",8,2016,"July",45.0775,-122.7656,7.0010678,1,0,"non-V6",1,1,"non-R6",2016-07-01
"881",9,2016,"April",45.0839,-122.7614,3.844517,0,0,"non-V6",1,1,"non-R6",2016-04-01
"882",9,2016,"May",45.0839,-122.7614,3.844517,0,0.0125,"non-V6",1,1,"non-R6",2016-05-01
"883",9,2016,"June",45.0839,-122.7614,3.844517,0,0.015,"non-V6",1,1,"non-R6",2016-06-01
"884",9,2016,"July",45.0839,-122.7614,3.844517,1,0,"non-V6",1,1,"non-R6",2016-07-01
"885",10,2016,"April",45.079,-122.7666,2.02343,0,0,"V6",1,1,"non-R6",2016-04-01
"886",10,2016,"May",45.079,-122.7666,2.02343,0,0,"V6",1,1,"non-R6",2016-05-01
"887",10,2016,"June",45.079,-122.7666,2.02343,0,0.02,"V6",1,1,"non-R6",2016-06-01
"888",10,2016,"July",45.079,-122.7666,2.02343,1,0,"V6",1,1,"non-R6",2016-07-01
"889",11,2016,"April",45.0842,-122.7656,3.8849856,0,0,"non-V6",1,1,"non-R6",2016-04-01
"890",11,2016,"May",45.0842,-122.7656,3.8849856,0,0,"non-V6",1,1,"non-R6",2016-05-01
"891",11,2016,"June",45.0842,-122.7656,3.8849856,0,0.005,"non-V6",1,1,"non-R6",2016-06-01
"892",11,2016,"July",45.0842,-122.7656,3.8849856,1,0.005,"non-V6",1,1,"non-R6",2016-07-01
"893",12,2016,"April",45.0839,-122.763,5.260918,0,0,"V6",1,1,"non-R6",2016-04-01
"894",12,2016,"May",45.0839,-122.763,5.260918,0,0,"V6",1,1,"non-R6",2016-05-01
"895",12,2016,"June",45.0839,-122.763,5.260918,0,0.09,"V6",1,1,"non-R6",2016-06-01
"896",12,2016,"July",45.0839,-122.763,5.260918,1,0.115,"V6",1,1,"non-R6",2016-07-01
"897",13,2016,"April",45.0805,-122.7666,11.0074592,0,0,"non-V6",1,1,"non-R6",2016-04-01
"898",13,2016,"May",45.0805,-122.7666,11.0074592,0,0,"non-V6",1,1,"non-R6",2016-05-01
"899",13,2016,"June",45.0805,-122.7666,11.0074592,0,0,"non-V6",1,1,"non-R6",2016-06-01
"900",13,2016,"July",45.0805,-122.7666,11.0074592,1,0,"non-V6",1,1,"non-R6",2016-07-01
"901",14,2016,"April",45.0405,-122.7794,5.867947,0,0,"non-V6",1,1,"non-R6",2016-04-01
"902",14,2016,"May",45.0405,-122.7794,5.867947,0,0,"non-V6",1,1,"non-R6",2016-05-01
"903",14,2016,"June",45.0405,-122.7794,5.867947,0,0,"non-V6",1,1,"non-R6",2016-06-01
"904",14,2016,"July",45.0405,-122.7794,5.867947,1,0,"non-V6",1,1,"non-R6",2016-07-01
"905",15,2016,"April",45.0799,-122.7262,7.8509084,0,0,"non-V6",1,1,"non-R6",2016-04-01
"906",15,2016,"May",45.0799,-122.7262,7.8509084,0,0,"non-V6",1,1,"non-R6",2016-05-01
"907",15,2016,"June",45.0799,-122.7262,7.8509084,0,0,"non-V6",1,1,"non-R6",2016-06-01
"908",15,2016,"July",45.0799,-122.7262,7.8509084,1,0,"non-V6",1,1,"non-R6",2016-07-01
"909",16,2016,"April",45.0826,-122.7274,6.9201306,0,0,"non-V6",1,1,"non-R6",2016-04-01
"910",16,2016,"May",45.0826,-122.7274,6.9201306,0,0,"non-V6",1,1,"non-R6",2016-05-01
"911",16,2016,"June",45.0826,-122.7274,6.9201306,0,0,"non-V6",1,1,"non-R6",2016-06-01
"912",16,2016,"July",45.0826,-122.7274,6.9201306,1,0,"non-V6",1,1,"non-R6",2016-07-01
"913",17,2016,"April",45.0799,-122.7239,3.8849856,0,0,"non-V6",1,1,"non-R6",2016-04-01
"914",17,2016,"May",45.0799,-122.7239,3.8849856,0,0,"non-V6",1,1,"non-R6",2016-05-01
"915",17,2016,"June",45.0799,-122.7239,3.8849856,0,0.005,"non-V6",1,1,"non-R6",2016-06-01
"916",17,2016,"July",45.0799,-122.7239,3.8849856,1,0.005,"non-V6",1,1,"non-R6",2016-07-01
"917",18,2016,"April",45.0412,-122.7729,3.7231112,0,0,"non-V6",1,1,"non-R6",2016-04-01
"918",18,2016,"May",45.0412,-122.7729,3.7231112,0,0,"non-V6",1,1,"non-R6",2016-05-01
"919",18,2016,"June",45.0412,-122.7729,3.7231112,0,0,"non-V6",1,1,"non-R6",2016-06-01
"920",18,2016,"July",45.0412,-122.7729,3.7231112,1,0,"non-V6",1,1,"non-R6",2016-07-01
"921",19,2016,"April",45.0376,-122.779,3.1160822,0,0,"V6",1,1,"non-R6",2016-04-01
"922",19,2016,"May",45.0376,-122.779,3.1160822,0,0,"V6",1,1,"non-R6",2016-05-01
"923",19,2016,"June",45.0376,-122.779,3.1160822,0,0,"V6",1,1,"non-R6",2016-06-01
"924",19,2016,"July",45.0376,-122.779,3.1160822,1,0.005,"V6",1,1,"non-R6",2016-07-01
"925",21,2016,"April",45.088,-122.742,10.4408988,0,0,"V6",1,1,"non-R6",2016-04-01
"926",21,2016,"May",45.088,-122.742,10.4408988,3,0,"V6",1,1,"non-R6",2016-05-01
"927",21,2016,"June",45.088,-122.742,10.4408988,2,0.865,"V6",1,1,"non-R6",2016-06-01
"928",21,2016,"July",45.088,-122.742,10.4408988,1,0.23,"V6",1,1,"non-R6",2016-07-01
"929",22,2016,"April",45.0833,-122.7513,18.008527,0,0,"non-V6",1,0,"R6",2016-04-01
"930",22,2016,"May",45.0833,-122.7513,18.008527,1,0,"non-V6",1,0,"R6",2016-05-01
"931",22,2016,"June",45.0833,-122.7513,18.008527,1,0,"non-V6",1,0,"R6",2016-06-01
"932",22,2016,"July",45.0833,-122.7513,18.008527,2,0,"non-V6",1,0,"R6",2016-07-01
"933",23,2016,"April",45.0772,-122.7606,12.949952,0,0,"V6",1,0,"R6",2016-04-01
"934",23,2016,"May",45.0772,-122.7606,12.949952,2,0,"V6",1,0,"R6",2016-05-01
"935",23,2016,"June",45.0772,-122.7606,12.949952,0,0.005,"V6",1,0,"R6",2016-06-01
"936",23,2016,"July",45.0772,-122.7606,12.949952,1,0.015,"V6",1,0,"R6",2016-07-01
"937",24,2016,"April",45.0771,-122.7557,8.0127828,0,0,"V6",1,0,"R6",2016-04-01
"938",24,2016,"May",45.0771,-122.7557,8.0127828,2,0,"V6",1,0,"R6",2016-05-01
"939",24,2016,"June",45.0771,-122.7557,8.0127828,0,0.01,"V6",1,0,"R6",2016-06-01
"940",24,2016,"July",45.0771,-122.7557,8.0127828,1,0,"V6",1,0,"R6",2016-07-01
"941",25,2016,"April",45.08,-122.7407,12.7880776,0,0,"non-V6",1,1,"non-R6",2016-04-01
"942",25,2016,"May",45.08,-122.7407,12.7880776,1,0,"non-V6",1,1,"non-R6",2016-05-01
"943",25,2016,"June",45.08,-122.7407,12.7880776,1,0,"non-V6",1,1,"non-R6",2016-06-01
"944",25,2016,"July",45.08,-122.7407,12.7880776,0,0,"non-V6",1,1,"non-R6",2016-07-01
"945",26,2016,"April",45.0925,-122.7523,15.0947878,0,0,"V6",1,1,"non-R6",2016-04-01
"946",26,2016,"May",45.0925,-122.7523,15.0947878,1,0,"V6",1,1,"non-R6",2016-05-01
"947",26,2016,"June",45.0925,-122.7523,15.0947878,2,0.01,"V6",1,1,"non-R6",2016-06-01
"948",26,2016,"July",45.0925,-122.7523,15.0947878,1,0.005,"V6",1,1,"non-R6",2016-07-01
"949",27,2016,"April",45.0936,-122.7569,9.1459036,0,0.02,"V6",1,0,"R6",2016-04-01
"950",27,2016,"May",45.0936,-122.7569,9.1459036,1,0,"V6",1,0,"R6",2016-05-01
"951",27,2016,"June",45.0936,-122.7569,9.1459036,2,0.335,"V6",1,0,"R6",2016-06-01
"952",27,2016,"July",45.0936,-122.7569,9.1459036,2,0.235,"V6",1,0,"R6",2016-07-01
"953",28,2016,"April",45.0926,-122.7473,21.3269522,0,0.004842615,"V6",1,0,"R6",2016-04-01
"954",28,2016,"May",45.0926,-122.7473,21.3269522,1,0,"V6",1,0,"R6",2016-05-01
"955",28,2016,"June",45.0926,-122.7473,21.3269522,0,0.22,"V6",1,0,"R6",2016-06-01
"956",28,2016,"July",45.0926,-122.7473,21.3269522,2,0.54,"V6",1,0,"R6",2016-07-01
"957",29,2016,"April",45.0891,-122.7526,4.1682658,0,0,"V6",1,1,"non-R6",2016-04-01
"958",29,2016,"May",45.0891,-122.7526,4.1682658,1,0,"V6",1,1,"non-R6",2016-05-01
"959",29,2016,"June",45.0891,-122.7526,4.1682658,2,0.03,"V6",1,1,"non-R6",2016-06-01
"960",29,2016,"July",45.0891,-122.7526,4.1682658,2,0,"V6",1,1,"non-R6",2016-07-01
"961",30,2016,"April",45.0891,-122.7476,14.8115076,0,0,"V6",1,1,"non-R6",2016-04-01
"962",30,2016,"May",45.0891,-122.7476,14.8115076,1,0,"V6",1,1,"non-R6",2016-05-01
"963",30,2016,"June",45.0891,-122.7476,14.8115076,2,0.035,"V6",1,1,"non-R6",2016-06-01
"964",30,2016,"July",45.0891,-122.7476,14.8115076,0,0.015,"V6",1,1,"non-R6",2016-07-01
"965",31,2016,"April",45.0866,-122.7601,0.9307778,0,0,"V6",1,1,"non-R6",2016-04-01
"966",31,2016,"May",45.0866,-122.7601,0.9307778,1,0,"V6",1,1,"non-R6",2016-05-01
"967",31,2016,"June",45.0866,-122.7601,0.9307778,2,0,"V6",1,1,"non-R6",2016-06-01
"968",31,2016,"July",45.0866,-122.7601,0.9307778,2,0.005,"V6",1,1,"non-R6",2016-07-01
"969",32,2016,"April",45.0642,-122.7815,5.6251354,0,0,"non-V6",1,1,"non-R6",2016-04-01
"970",32,2016,"May",45.0642,-122.7815,5.6251354,1,0,"non-V6",1,1,"non-R6",2016-05-01
"971",32,2016,"June",45.0642,-122.7815,5.6251354,3,0,"non-V6",1,1,"non-R6",2016-06-01
"972",32,2016,"July",45.0642,-122.7815,5.6251354,0,0,"non-V6",1,1,"non-R6",2016-07-01
"973",33,2016,"April",45.066,-122.7805,3.3993624,0,0,"non-V6",1,1,"non-R6",2016-04-01
"974",33,2016,"May",45.066,-122.7805,3.3993624,0,0,"non-V6",1,1,"non-R6",2016-05-01
"975",33,2016,"June",45.066,-122.7805,3.3993624,3,0,"non-V6",1,1,"non-R6",2016-06-01
"976",33,2016,"July",45.066,-122.7805,3.3993624,0,0,"non-V6",1,1,"non-R6",2016-07-01
"977",34,2016,"April",45.0659,-122.7829,4.856232,0,0,"non-V6",1,1,"non-R6",2016-04-01
"978",34,2016,"May",45.0659,-122.7829,4.856232,1,0,"non-V6",1,1,"non-R6",2016-05-01
"979",34,2016,"June",45.0659,-122.7829,4.856232,3,0,"non-V6",1,1,"non-R6",2016-06-01
"980",34,2016,"July",45.0659,-122.7829,4.856232,0,0,"non-V6",1,1,"non-R6",2016-07-01
"981",35,2016,"April",45.067,-122.778,15.4590052,0,0,"non-V6",1,1,"non-R6",2016-04-01
"982",35,2016,"May",45.067,-122.778,15.4590052,0,0,"non-V6",1,1,"non-R6",2016-05-01
"983",35,2016,"June",45.067,-122.778,15.4590052,3,0,"non-V6",1,1,"non-R6",2016-06-01
"984",35,2016,"July",45.067,-122.778,15.4590052,0,0,"non-V6",1,1,"non-R6",2016-07-01
"985",36,2016,"April",45.058,-122.788,3.844517,0,0,"V6",1,1,"non-R6",2016-04-01
"986",36,2016,"May",45.058,-122.788,3.844517,0,0,"V6",1,1,"non-R6",2016-05-01
"987",36,2016,"June",45.058,-122.788,3.844517,3,0.01,"V6",1,1,"non-R6",2016-06-01
"988",36,2016,"July",45.058,-122.788,3.844517,0,0.035,"V6",1,1,"non-R6",2016-07-01
"989",37,2016,"April",45.061,-122.789,12.0191742,0,0,"V6",1,1,"non-R6",2016-04-01
"990",37,2016,"May",45.061,-122.789,12.0191742,0,0,"V6",1,1,"non-R6",2016-05-01
"991",37,2016,"June",45.061,-122.789,12.0191742,3,0.045,"V6",1,1,"non-R6",2016-06-01
"992",37,2016,"July",45.061,-122.789,12.0191742,0,0.015,"V6",1,1,"non-R6",2016-07-01
"993",38,2016,"April",45.0607,-122.7933,16.8754062,0,0,"non-V6",1,1,"non-R6",2016-04-01
"994",38,2016,"May",45.0607,-122.7933,16.8754062,2,0,"non-V6",1,1,"non-R6",2016-05-01
"995",38,2016,"June",45.0607,-122.7933,16.8754062,4,0,"non-V6",1,1,"non-R6",2016-06-01
"996",38,2016,"July",45.0607,-122.7933,16.8754062,1,0,"non-V6",1,1,"non-R6",2016-07-01
"997",39,2016,"April",45.0575,-122.793,9.8338698,0,0,"non-V6",1,1,"non-R6",2016-04-01
"998",39,2016,"May",45.0575,-122.793,9.8338698,0,0,"non-V6",1,1,"non-R6",2016-05-01
"999",39,2016,"June",45.0575,-122.793,9.8338698,2,0,"non-V6",1,1,"non-R6",2016-06-01
"1000",39,2016,"July",45.0575,-122.793,9.8338698,0,0,"non-V6",1,1,"non-R6",2016-07-01
"1001",40,2016,"April",45.195,-122.845,8.7816862,0,0,"non-V6",1,1,"non-R6",2016-04-01
"1002",40,2016,"May",45.195,-122.845,8.7816862,2,0,"non-V6",1,1,"non-R6",2016-05-01
"1003",40,2016,"June",45.195,-122.845,8.7816862,1,0,"non-V6",1,1,"non-R6",2016-06-01
"1004",40,2016,"July",45.195,-122.845,8.7816862,0,0,"non-V6",1,1,"non-R6",2016-07-01
"1005",41,2016,"April",45.1684,-122.8832,6.4345074,0,0,"non-V6",1,0,"R6",2016-04-01
"1006",41,2016,"May",45.1684,-122.8832,6.4345074,0,0,"non-V6",1,0,"R6",2016-05-01
"1007",41,2016,"June",45.1684,-122.8832,6.4345074,1,0,"non-V6",1,0,"R6",2016-06-01
"1008",41,2016,"July",45.1684,-122.8832,6.4345074,0,0,"non-V6",1,0,"R6",2016-07-01
"1009",42,2016,"April",45.2005,-122.9142,19.8700826,0,0,"non-V6",1,0,"R6",2016-04-01
"1010",42,2016,"May",45.2005,-122.9142,19.8700826,0,0,"non-V6",1,0,"R6",2016-05-01
"1011",42,2016,"June",45.2005,-122.9142,19.8700826,1,0,"non-V6",1,0,"R6",2016-06-01
"1012",42,2016,"July",45.2005,-122.9142,19.8700826,0,0,"non-V6",1,0,"R6",2016-07-01
"1013",43,2016,"April",45.1654,-122.8855,5.5441982,0,0,"non-V6",1,1,"non-R6",2016-04-01
"1014",43,2016,"May",45.1654,-122.8855,5.5441982,1,0,"non-V6",1,1,"non-R6",2016-05-01
"1015",43,2016,"June",45.1654,-122.8855,5.5441982,1,0,"non-V6",1,1,"non-R6",2016-06-01
"1016",43,2016,"July",45.1654,-122.8855,5.5441982,0,0,"non-V6",1,1,"non-R6",2016-07-01
"1017",44,2016,"April",45.1653,-122.8751,2.5495218,0,0,"non-V6",1,1,"non-R6",2016-04-01
"1018",44,2016,"May",45.1653,-122.8751,2.5495218,1,0,"non-V6",1,1,"non-R6",2016-05-01
"1019",44,2016,"June",45.1653,-122.8751,2.5495218,2,0,"non-V6",1,1,"non-R6",2016-06-01
"1020",44,2016,"July",45.1653,-122.8751,2.5495218,0,0,"non-V6",1,1,"non-R6",2016-07-01
"1021",45,2016,"April",45.1672,-122.8792,4.8967006,0,0,"non-V6",1,1,"non-R6",2016-04-01
"1022",45,2016,"May",45.1672,-122.8792,4.8967006,1,0,"non-V6",1,1,"non-R6",2016-05-01
"1023",45,2016,"June",45.1672,-122.8792,4.8967006,2,0,"non-V6",1,1,"non-R6",2016-06-01
"1024",45,2016,"July",45.1672,-122.8792,4.8967006,0,0,"non-V6",1,1,"non-R6",2016-07-01
"1025",46,2016,"April",45.1675,-122.8792,0.8498406,0,0,"non-V6",1,0,"R6",2016-04-01
"1026",46,2016,"May",45.1675,-122.8792,0.8498406,1,0,"non-V6",1,0,"R6",2016-05-01
"1027",46,2016,"June",45.1675,-122.8792,0.8498406,2,0,"non-V6",1,0,"R6",2016-06-01
"1028",46,2016,"July",45.1675,-122.8792,0.8498406,0,0,"non-V6",1,0,"R6",2016-07-01
"1029",47,2016,"April",45.1685,-122.9058,9.0649664,0,0,"non-V6",1,1,"non-R6",2016-04-01
"1030",47,2016,"May",45.1685,-122.9058,9.0649664,1,0.265,"non-V6",1,1,"non-R6",2016-05-01
"1031",47,2016,"June",45.1685,-122.9058,9.0649664,2,0.975,"non-V6",1,1,"non-R6",2016-06-01
"1032",47,2016,"July",45.1685,-122.9058,9.0649664,1,0.14,"non-V6",1,1,"non-R6",2016-07-01
"1033",48,2016,"April",45.1653,-122.8815,14.9329134,0,0,"non-V6",1,0,"R6",2016-04-01
"1034",48,2016,"May",45.1653,-122.8815,14.9329134,0,0,"non-V6",1,0,"R6",2016-05-01
"1035",48,2016,"June",45.1653,-122.8815,14.9329134,1,0,"non-V6",1,0,"R6",2016-06-01
"1036",48,2016,"July",45.1653,-122.8815,14.9329134,0,0,"non-V6",1,0,"R6",2016-07-01
"1037",49,2016,"April",45.1659,-122.8885,7.3652852,0,0,"non-V6",1,1,"non-R6",2016-04-01
"1038",49,2016,"May",45.1659,-122.8885,7.3652852,1,0,"non-V6",1,1,"non-R6",2016-05-01
"1039",49,2016,"June",45.1659,-122.8885,7.3652852,1,0,"non-V6",1,1,"non-R6",2016-06-01
"1040",49,2016,"July",45.1659,-122.8885,7.3652852,0,0,"non-V6",1,1,"non-R6",2016-07-01
"1041",50,2016,"April",45.199,-122.8455,4.1277972,0,0,"non-V6",1,1,"non-R6",2016-04-01
"1042",50,2016,"May",45.199,-122.8455,4.1277972,2,0,"non-V6",1,1,"non-R6",2016-05-01
"1043",50,2016,"June",45.199,-122.8455,4.1277972,1,0,"non-V6",1,1,"non-R6",2016-06-01
"1044",50,2016,"July",45.199,-122.8455,4.1277972,0,0,"non-V6",1,1,"non-R6",2016-07-01
"1045",51,2016,"April",45.1996,-122.8464,11.0479278,0,0,"non-V6",1,1,"non-R6",2016-04-01
"1046",51,2016,"May",45.1996,-122.8464,11.0479278,1,0,"non-V6",1,1,"non-R6",2016-05-01
"1047",51,2016,"June",45.1996,-122.8464,11.0479278,1,0,"non-V6",1,1,"non-R6",2016-06-01
"1048",51,2016,"July",45.1996,-122.8464,11.0479278,0,0,"non-V6",1,1,"non-R6",2016-07-01
"1049",53,2016,"April",45.1942,-122.7664,0.5260918,0,0,"non-V6",1,1,"non-R6",2016-04-01
"1050",53,2016,"May",45.1942,-122.7664,0.5260918,1,0,"non-V6",1,1,"non-R6",2016-05-01
"1051",53,2016,"June",45.1942,-122.7664,0.5260918,2,0.015,"non-V6",1,1,"non-R6",2016-06-01
"1052",53,2016,"July",45.1942,-122.7664,0.5260918,0,0,"non-V6",1,1,"non-R6",2016-07-01
"1053",54,2016,"April",45.1924,-122.7662,3.3184252,0,0,"non-V6",1,1,"non-R6",2016-04-01
"1054",54,2016,"May",45.1924,-122.7662,3.3184252,1,0,"non-V6",1,1,"non-R6",2016-05-01
"1055",54,2016,"June",45.1924,-122.7662,3.3184252,2,0.01,"non-V6",1,1,"non-R6",2016-06-01
"1056",54,2016,"July",45.1924,-122.7662,3.3184252,0,0.45,"non-V6",1,1,"non-R6",2016-07-01
"1057",55,2016,"April",45.19,-122.7621,3.439831,0,0,"non-V6",1,1,"non-R6",2016-04-01
"1058",55,2016,"May",45.19,-122.7621,3.439831,1,0,"non-V6",1,1,"non-R6",2016-05-01
"1059",55,2016,"June",45.19,-122.7621,3.439831,2,0,"non-V6",1,1,"non-R6",2016-06-01
"1060",55,2016,"July",45.19,-122.7621,3.439831,0,0.005,"non-V6",1,1,"non-R6",2016-07-01
"1061",56,2016,"April",45.1931,-122.766,1.7401498,0,0,"non-V6",1,1,"non-R6",2016-04-01
"1062",56,2016,"May",45.1931,-122.766,1.7401498,1,0,"non-V6",1,1,"non-R6",2016-05-01
"1063",56,2016,"June",45.1931,-122.766,1.7401498,2,0,"non-V6",1,1,"non-R6",2016-06-01
"1064",56,2016,"July",45.1931,-122.766,1.7401498,0,0.005,"non-V6",1,1,"non-R6",2016-07-01
"1065",58,2016,"April",45.1932,-122.7715,7.2034108,0,0,"V6",1,1,"non-R6",2016-04-01
"1066",58,2016,"May",45.1932,-122.7715,7.2034108,0,0,"V6",1,1,"non-R6",2016-05-01
"1067",58,2016,"June",45.1932,-122.7715,7.2034108,2,0.015,"V6",1,1,"non-R6",2016-06-01
"1068",58,2016,"July",45.1932,-122.7715,7.2034108,0,0,"V6",1,1,"non-R6",2016-07-01
"1069",59,2016,"April",45.1909,-122.7707,7.2438794,0,0,"non-V6",1,1,"non-R6",2016-04-01
"1070",59,2016,"May",45.1909,-122.7707,7.2438794,0,0,"non-V6",1,1,"non-R6",2016-05-01
"1071",59,2016,"June",45.1909,-122.7707,7.2438794,2,0,"non-V6",1,1,"non-R6",2016-06-01
"1072",59,2016,"July",45.1909,-122.7707,7.2438794,0,0,"non-V6",1,1,"non-R6",2016-07-01
"1073",60,2016,"April",45.201,-122.7725,3.1565508,0,0,"V6",1,0,"R6",2016-04-01
"1074",60,2016,"May",45.201,-122.7725,3.1565508,1,0.0075,"V6",1,0,"R6",2016-05-01
"1075",60,2016,"June",45.201,-122.7725,3.1565508,4,0.99,"V6",1,0,"R6",2016-06-01
"1076",60,2016,"July",45.201,-122.7725,3.1565508,1,0.68,"V6",1,0,"R6",2016-07-01
"1077",61,2016,"April",45.1994,-122.774,6.7582562,0,0,"V6",1,0,"R6",2016-04-01
"1078",61,2016,"May",45.1994,-122.774,6.7582562,1,0,"V6",1,0,"R6",2016-05-01
"1079",61,2016,"June",45.1994,-122.774,6.7582562,4,0.99,"V6",1,0,"R6",2016-06-01
"1080",61,2016,"July",45.1994,-122.774,6.7582562,1,0.505,"V6",1,0,"R6",2016-07-01
"1081",62,2016,"April",45.189,-122.7707,7.7295026,0,0,"V6",1,0,"R6",2016-04-01
"1082",62,2016,"May",45.189,-122.7707,7.7295026,1,0,"V6",1,0,"R6",2016-05-01
"1083",62,2016,"June",45.189,-122.7707,7.7295026,4,0.175,"V6",1,0,"R6",2016-06-01
"1084",62,2016,"July",45.189,-122.7707,7.7295026,1,0.46,"V6",1,0,"R6",2016-07-01
"1085",63,2016,"April",45.1978,-122.7726,2.9946764,0,0,"V6",1,0,"R6",2016-04-01
"1086",63,2016,"May",45.1978,-122.7726,2.9946764,1,0,"V6",1,0,"R6",2016-05-01
"1087",63,2016,"June",45.1978,-122.7726,2.9946764,4,0.465,"V6",1,0,"R6",2016-06-01
"1088",63,2016,"July",45.1978,-122.7726,2.9946764,1,0.77,"V6",1,0,"R6",2016-07-01
"1089",64,2016,"April",45.1936,-122.7656,1.3759324,0,0,"non-V6",1,1,"non-R6",2016-04-01
"1090",64,2016,"May",45.1936,-122.7656,1.3759324,1,0,"non-V6",1,1,"non-R6",2016-05-01
"1091",64,2016,"June",45.1936,-122.7656,1.3759324,2,0.015,"non-V6",1,1,"non-R6",2016-06-01
"1092",64,2016,"July",45.1936,-122.7656,1.3759324,0,0.15,"non-V6",1,1,"non-R6",2016-07-01
"1093",65,2016,"April",45.1173,-122.8455,2.428116,0,0,"V6",1,0,"R6",2016-04-01
"1094",65,2016,"May",45.1173,-122.8455,2.428116,0,0,"V6",1,0,"R6",2016-05-01
"1095",65,2016,"June",45.1173,-122.8455,2.428116,2,0.13,"V6",1,0,"R6",2016-06-01
"1096",65,2016,"July",45.1173,-122.8455,2.428116,1,0,"V6",1,0,"R6",2016-07-01
"1097",66,2016,"April",45.1174,-122.8464,2.428116,0,0,"non-V6",1,0,"R6",2016-04-01
"1098",66,2016,"May",45.1174,-122.8464,2.428116,0,0,"non-V6",1,0,"R6",2016-05-01
"1099",66,2016,"June",45.1174,-122.8464,2.428116,2,0,"non-V6",1,0,"R6",2016-06-01
"1100",66,2016,"July",45.1174,-122.8464,2.428116,1,0,"non-V6",1,0,"R6",2016-07-01
"1101",67,2016,"April",45.1173,-122.845,0.404686,0,0,"non-V6",1,1,"non-R6",2016-04-01
"1102",67,2016,"May",45.1173,-122.845,0.404686,0,0,"non-V6",1,1,"non-R6",2016-05-01
"1103",67,2016,"June",45.1173,-122.845,0.404686,2,0.005,"non-V6",1,1,"non-R6",2016-06-01
"1104",67,2016,"July",45.1173,-122.845,0.404686,1,0,"non-V6",1,1,"non-R6",2016-07-01
"1105",68,2016,"April",45.1177,-122.8433,8.4174688,0,0,"V6",1,0,"R6",2016-04-01
"1106",68,2016,"May",45.1177,-122.8433,8.4174688,0,0,"V6",1,0,"R6",2016-05-01
"1107",68,2016,"June",45.1177,-122.8433,8.4174688,2,0.015,"V6",1,0,"R6",2016-06-01
"1108",68,2016,"July",45.1177,-122.8433,8.4174688,1,0,"V6",1,0,"R6",2016-07-01
"1109",69,2016,"April",45.1179,-122.8399,16.389783,0,0,"non-V6",1,1,"non-R6",2016-04-01
"1110",69,2016,"May",45.1179,-122.8399,16.389783,0,0,"non-V6",1,1,"non-R6",2016-05-01
"1111",69,2016,"June",45.1179,-122.8399,16.389783,1,0,"non-V6",1,1,"non-R6",2016-06-01
"1112",69,2016,"July",45.1179,-122.8399,16.389783,1,0,"non-V6",1,1,"non-R6",2016-07-01
"1113",70,2016,"April",45.1177,-122.8353,16.0255656,0,0,"V6",1,0,"R6",2016-04-01
"1114",70,2016,"May",45.1177,-122.8353,16.0255656,0,0,"V6",1,0,"R6",2016-05-01
"1115",70,2016,"June",45.1177,-122.8353,16.0255656,1,0.005,"V6",1,0,"R6",2016-06-01
"1116",70,2016,"July",45.1177,-122.8353,16.0255656,1,0,"V6",1,0,"R6",2016-07-01
"1117",71,2016,"April",45.1177,-122.8307,15.6208796,0,0,"non-V6",1,1,"non-R6",2016-04-01
"1118",71,2016,"May",45.1177,-122.8307,15.6208796,0,0,"non-V6",1,1,"non-R6",2016-05-01
"1119",71,2016,"June",45.1177,-122.8307,15.6208796,0,0.005,"non-V6",1,1,"non-R6",2016-06-01
"1120",71,2016,"July",45.1177,-122.8307,15.6208796,1,0,"non-V6",1,1,"non-R6",2016-07-01
"1121",72,2016,"April",45.1176,-122.8266,12.0596428,0,0,"non-V6",1,0,"R6",2016-04-01
"1122",72,2016,"May",45.1176,-122.8266,12.0596428,0,0,"non-V6",1,0,"R6",2016-05-01
"1123",72,2016,"June",45.1176,-122.8266,12.0596428,1,0,"non-V6",1,0,"R6",2016-06-01
"1124",72,2016,"July",45.1176,-122.8266,12.0596428,1,0,"non-V6",1,0,"R6",2016-07-01
"1125",73,2016,"April",45.1137,-122.83,10.1576186,0,0,"non-V6",1,1,"non-R6",2016-04-01
"1126",73,2016,"May",45.1137,-122.83,10.1576186,0,0,"non-V6",1,1,"non-R6",2016-05-01
"1127",73,2016,"June",45.1137,-122.83,10.1576186,1,0,"non-V6",1,1,"non-R6",2016-06-01
"1128",73,2016,"July",45.1137,-122.83,10.1576186,1,0,"non-V6",1,1,"non-R6",2016-07-01
"1129",74,2016,"April",45.1144,-122.8564,10.4004302,0,0,"non-V6",1,1,"non-R6",2016-04-01
"1130",74,2016,"May",45.1144,-122.8564,10.4004302,0,0,"non-V6",1,1,"non-R6",2016-05-01
"1131",74,2016,"June",45.1144,-122.8564,10.4004302,0,0,"non-V6",1,1,"non-R6",2016-06-01
"1132",74,2016,"July",45.1144,-122.8564,10.4004302,0,0,"non-V6",1,1,"non-R6",2016-07-01
"1133",75,2016,"April",45.1126,-122.8533,8.4174688,0,0,"non-V6",1,1,"non-R6",2016-04-01
"1134",75,2016,"May",45.1126,-122.8533,8.4174688,0,0,"non-V6",1,1,"non-R6",2016-05-01
"1135",75,2016,"June",45.1126,-122.8533,8.4174688,0,0,"non-V6",1,1,"non-R6",2016-06-01
"1136",75,2016,"July",45.1126,-122.8533,8.4174688,0,0,"non-V6",1,1,"non-R6",2016-07-01
"1137",76,2016,"April",45.0342,-122.7408,4.0873286,0,0,"non-V6",1,1,"non-R6",2016-04-01
"1138",76,2016,"May",45.0342,-122.7408,4.0873286,1,0,"non-V6",1,1,"non-R6",2016-05-01
"1139",76,2016,"June",45.0342,-122.7408,4.0873286,1,0,"non-V6",1,1,"non-R6",2016-06-01
"1140",76,2016,"July",45.0342,-122.7408,4.0873286,0,0,"non-V6",1,1,"non-R6",2016-07-01
"1141",77,2016,"April",45.0337,-122.7402,3.5612368,0,0,"non-V6",1,1,"non-R6",2016-04-01
"1142",77,2016,"May",45.0337,-122.7402,3.5612368,1,0,"non-V6",1,1,"non-R6",2016-05-01
"1143",77,2016,"June",45.0337,-122.7402,3.5612368,1,0,"non-V6",1,1,"non-R6",2016-06-01
"1144",77,2016,"July",45.0337,-122.7402,3.5612368,1,0,"non-V6",1,1,"non-R6",2016-07-01
"1145",78,2016,"April",45.0348,-122.7418,7.1224736,0,0,"non-V6",1,1,"non-R6",2016-04-01
"1146",78,2016,"May",45.0348,-122.7418,7.1224736,1,0,"non-V6",1,1,"non-R6",2016-05-01
"1147",78,2016,"June",45.0348,-122.7418,7.1224736,1,0,"non-V6",1,1,"non-R6",2016-06-01
"1148",78,2016,"July",45.0348,-122.7418,7.1224736,0,0,"non-V6",1,1,"non-R6",2016-07-01
"1149",80,2016,"April",45.0318,-122.7581,16.3493144,0,0,"non-V6",1,1,"non-R6",2016-04-01
"1150",80,2016,"May",45.0318,-122.7581,16.3493144,0,0,"non-V6",1,1,"non-R6",2016-05-01
"1151",80,2016,"June",45.0318,-122.7581,16.3493144,1,0,"non-V6",1,1,"non-R6",2016-06-01
"1152",80,2016,"July",45.0318,-122.7581,16.3493144,0,0,"non-V6",1,1,"non-R6",2016-07-01
"1153",81,2016,"April",45.0315,-122.7704,6.3131016,0,0,"non-V6",1,1,"non-R6",2016-04-01
"1154",81,2016,"May",45.0315,-122.7704,6.3131016,0,0,"non-V6",1,1,"non-R6",2016-05-01
"1155",81,2016,"June",45.0315,-122.7704,6.3131016,1,0,"non-V6",1,1,"non-R6",2016-06-01
"1156",81,2016,"July",45.0315,-122.7704,6.3131016,0,0,"non-V6",1,1,"non-R6",2016-07-01
"1157",82,2016,"April",45.0336,-122.7675,9.2673094,0,0,"non-V6",1,1,"non-R6",2016-04-01
"1158",82,2016,"May",45.0336,-122.7675,9.2673094,1,0,"non-V6",1,1,"non-R6",2016-05-01
"1159",82,2016,"June",45.0336,-122.7675,9.2673094,1,0,"non-V6",1,1,"non-R6",2016-06-01
"1160",82,2016,"July",45.0336,-122.7675,9.2673094,0,0,"non-V6",1,1,"non-R6",2016-07-01
"1161",83,2016,"April",45.0329,-122.7636,10.1980872,0,0,"non-V6",1,1,"non-R6",2016-04-01
"1162",83,2016,"May",45.0329,-122.7636,10.1980872,1,0,"non-V6",1,1,"non-R6",2016-05-01
"1163",83,2016,"June",45.0329,-122.7636,10.1980872,1,0,"non-V6",1,1,"non-R6",2016-06-01
"1164",83,2016,"July",45.0329,-122.7636,10.1980872,1,0,"non-V6",1,1,"non-R6",2016-07-01
"1165",84,2016,"April",45.0347,-122.7603,1.4568696,0,0,"V6",1,1,"non-R6",2016-04-01
"1166",84,2016,"May",45.0347,-122.7603,1.4568696,1,0,"V6",1,1,"non-R6",2016-05-01
"1167",84,2016,"June",45.0347,-122.7603,1.4568696,1,0,"V6",1,1,"non-R6",2016-06-01
"1168",84,2016,"July",45.0347,-122.7603,1.4568696,0,0.005,"V6",1,1,"non-R6",2016-07-01
"1169",85,2016,"April",45.0293,-122.7503,6.2321644,0,0,"non-V6",1,1,"non-R6",2016-04-01
"1170",85,2016,"May",45.0293,-122.7503,6.2321644,1,0,"non-V6",1,1,"non-R6",2016-05-01
"1171",85,2016,"June",45.0293,-122.7503,6.2321644,1,0,"non-V6",1,1,"non-R6",2016-06-01
"1172",85,2016,"July",45.0293,-122.7503,6.2321644,0,0,"non-V6",1,1,"non-R6",2016-07-01
"1173",86,2016,"April",45.0295,-122.7542,12.0596428,0,0,"V6",1,1,"non-R6",2016-04-01
"1174",86,2016,"May",45.0295,-122.7542,12.0596428,1,0,"V6",1,1,"non-R6",2016-05-01
"1175",86,2016,"June",45.0295,-122.7542,12.0596428,1,0.005,"V6",1,1,"non-R6",2016-06-01
"1176",86,2016,"July",45.0295,-122.7542,12.0596428,0,0,"V6",1,1,"non-R6",2016-07-01
"1177",87,2016,"April",45.0277,-122.7624,2.2662416,0,0,"non-V6",1,1,"non-R6",2016-04-01
"1178",87,2016,"May",45.0277,-122.7624,2.2662416,0,0,"non-V6",1,1,"non-R6",2016-05-01
"1179",87,2016,"June",45.0277,-122.7624,2.2662416,1,0,"non-V6",1,1,"non-R6",2016-06-01
"1180",87,2016,"July",45.0277,-122.7624,2.2662416,0,0,"non-V6",1,1,"non-R6",2016-07-01
"1181",88,2016,"April",45.0285,-122.7598,4.4110774,0,0,"non-V6",1,1,"non-R6",2016-04-01
"1182",88,2016,"May",45.0285,-122.7598,4.4110774,0,0,"non-V6",1,1,"non-R6",2016-05-01
"1183",88,2016,"June",45.0285,-122.7598,4.4110774,1,0,"non-V6",1,1,"non-R6",2016-06-01
"1184",88,2016,"July",45.0285,-122.7598,4.4110774,0,0,"non-V6",1,1,"non-R6",2016-07-01
"1185",89,2016,"April",45.029,-122.758,1.7401498,0,0,"non-V6",1,1,"non-R6",2016-04-01
"1186",89,2016,"May",45.029,-122.758,1.7401498,1,0,"non-V6",1,1,"non-R6",2016-05-01
"1187",89,2016,"June",45.029,-122.758,1.7401498,1,0,"non-V6",1,1,"non-R6",2016-06-01
"1188",89,2016,"July",45.029,-122.758,1.7401498,0,0,"non-V6",1,1,"non-R6",2016-07-01
"1189",90,2016,"April",45.0254,-122.7648,6.07029,0,0,"non-V6",1,1,"non-R6",2016-04-01
"1190",90,2016,"May",45.0254,-122.7648,6.07029,0,0,"non-V6",1,1,"non-R6",2016-05-01
"1191",90,2016,"June",45.0254,-122.7648,6.07029,1,0,"non-V6",1,1,"non-R6",2016-06-01
"1192",90,2016,"July",45.0254,-122.7648,6.07029,0,0,"non-V6",1,1,"non-R6",2016-07-01
"1193",91,2016,"April",45.0258,-122.7621,8.903092,0,0,"non-V6",1,1,"non-R6",2016-04-01
"1194",91,2016,"May",45.0258,-122.7621,8.903092,1,0,"non-V6",1,1,"non-R6",2016-05-01
"1195",91,2016,"June",45.0258,-122.7621,8.903092,1,0,"non-V6",1,1,"non-R6",2016-06-01
"1196",91,2016,"July",45.0258,-122.7621,8.903092,0,0,"non-V6",1,1,"non-R6",2016-07-01
"1197",92,2016,"April",45.0258,-122.7599,4.2896716,0,0,"non-V6",1,1,"non-R6",2016-04-01
"1198",92,2016,"May",45.0258,-122.7599,4.2896716,0,0,"non-V6",1,1,"non-R6",2016-05-01
"1199",92,2016,"June",45.0258,-122.7599,4.2896716,1,0,"non-V6",1,1,"non-R6",2016-06-01
"1200",92,2016,"July",45.0258,-122.7599,4.2896716,0,0,"non-V6",1,1,"non-R6",2016-07-01
"1201",93,2016,"April",45.0258,-122.7569,14.1235414,0,0,"V6",1,0,"R6",2016-04-01
"1202",93,2016,"May",45.0258,-122.7569,14.1235414,1,0,"V6",1,0,"R6",2016-05-01
"1203",93,2016,"June",45.0258,-122.7569,14.1235414,1,0,"V6",1,0,"R6",2016-06-01
"1204",93,2016,"July",45.0258,-122.7569,14.1235414,0,0.005,"V6",1,0,"R6",2016-07-01
"1205",95,2016,"April",45.0279,-122.7664,12.6666718,0,0,"non-V6",1,1,"non-R6",2016-04-01
"1206",95,2016,"May",45.0279,-122.7664,12.6666718,0,0,"non-V6",1,1,"non-R6",2016-05-01
"1207",95,2016,"June",45.0279,-122.7664,12.6666718,1,0,"non-V6",1,1,"non-R6",2016-06-01
"1208",95,2016,"July",45.0279,-122.7664,12.6666718,0,0,"non-V6",1,1,"non-R6",2016-07-01
"1209",96,2016,"April",45.0289,-122.7684,10.319493,0,0,"non-V6",1,1,"non-R6",2016-04-01
"1210",96,2016,"May",45.0289,-122.7684,10.319493,1,0,"non-V6",1,1,"non-R6",2016-05-01
"1211",96,2016,"June",45.0289,-122.7684,10.319493,1,0,"non-V6",1,1,"non-R6",2016-06-01
"1212",96,2016,"July",45.0289,-122.7684,10.319493,0,0,"non-V6",1,1,"non-R6",2016-07-01
"1213",97,2016,"April",45.0293,-122.7696,2.7923334,0,0,"non-V6",1,1,"non-R6",2016-04-01
"1214",97,2016,"May",45.0293,-122.7696,2.7923334,1,0,"non-V6",1,1,"non-R6",2016-05-01
"1215",97,2016,"June",45.0293,-122.7696,2.7923334,1,0,"non-V6",1,1,"non-R6",2016-06-01
"1216",97,2016,"July",45.0293,-122.7696,2.7923334,0,0,"non-V6",1,1,"non-R6",2016-07-01
"1217",99,2016,"April",45.0735,-122.7338,4.5729518,0,0,"non-V6",1,1,"non-R6",2016-04-01
"1218",99,2016,"May",45.0735,-122.7338,4.5729518,1,0,"non-V6",1,1,"non-R6",2016-05-01
"1219",99,2016,"June",45.0735,-122.7338,4.5729518,1,0,"non-V6",1,1,"non-R6",2016-06-01
"1220",99,2016,"July",45.0735,-122.7338,4.5729518,1,0,"non-V6",1,1,"non-R6",2016-07-01
"1221",101,2016,"April",45.0431,-123.0085,4.451546,0,0,"non-V6",1,1,"non-R6",2016-04-01
"1222",101,2016,"May",45.0431,-123.0085,4.451546,0,0,"non-V6",1,1,"non-R6",2016-05-01
"1223",101,2016,"June",45.0431,-123.0085,4.451546,0,0,"non-V6",1,1,"non-R6",2016-06-01
"1224",101,2016,"July",45.0431,-123.0085,4.451546,1,0,"non-V6",1,1,"non-R6",2016-07-01
"1225",102,2016,"April",45.0444,-123.005,6.8391934,0,0,"non-V6",1,1,"non-R6",2016-04-01
"1226",102,2016,"May",45.0444,-123.005,6.8391934,0,0,"non-V6",1,1,"non-R6",2016-05-01
"1227",102,2016,"June",45.0444,-123.005,6.8391934,0,0,"non-V6",1,1,"non-R6",2016-06-01
"1228",102,2016,"July",45.0444,-123.005,6.8391934,1,0,"non-V6",1,1,"non-R6",2016-07-01
"1229",103,2016,"April",45.0486,-123.0019,5.0181064,0,0,"non-V6",1,1,"non-R6",2016-04-01
"1230",103,2016,"May",45.0486,-123.0019,5.0181064,0,0,"non-V6",1,1,"non-R6",2016-05-01
"1231",103,2016,"June",45.0486,-123.0019,5.0181064,0,0,"non-V6",1,1,"non-R6",2016-06-01
"1232",103,2016,"July",45.0486,-123.0019,5.0181064,1,0,"non-V6",1,1,"non-R6",2016-07-01
"1233",104,2016,"April",45.0467,-123.0019,3.844517,0,0,"non-V6",1,1,"non-R6",2016-04-01
"1234",104,2016,"May",45.0467,-123.0019,3.844517,0,0,"non-V6",1,1,"non-R6",2016-05-01
"1235",104,2016,"June",45.0467,-123.0019,3.844517,0,0,"non-V6",1,1,"non-R6",2016-06-01
"1236",104,2016,"July",45.0467,-123.0019,3.844517,1,0,"non-V6",1,1,"non-R6",2016-07-01
"1237",105,2016,"April",45.0487,-122.997,7.5676282,0,0,"V6",1,0,"R6",2016-04-01
"1238",105,2016,"May",45.0487,-122.997,7.5676282,0,0,"V6",1,0,"R6",2016-05-01
"1239",105,2016,"June",45.0487,-122.997,7.5676282,0,0.015,"V6",1,0,"R6",2016-06-01
"1240",105,2016,"July",45.0487,-122.997,7.5676282,1,0,"V6",1,0,"R6",2016-07-01
"1241",106,2016,"April",45.047,-122.9971,8.296063,0,0,"non-V6",1,1,"non-R6",2016-04-01
"1242",106,2016,"May",45.047,-122.9971,8.296063,0,0,"non-V6",1,1,"non-R6",2016-05-01
"1243",106,2016,"June",45.047,-122.9971,8.296063,0,0,"non-V6",1,1,"non-R6",2016-06-01
"1244",106,2016,"July",45.047,-122.9971,8.296063,1,0,"non-V6",1,1,"non-R6",2016-07-01
"1245",107,2016,"April",45.0473,-122.9917,7.9723142,0,0,"V6",1,0,"R6",2016-04-01
"1246",107,2016,"May",45.0473,-122.9917,7.9723142,0,0,"V6",1,0,"R6",2016-05-01
"1247",107,2016,"June",45.0473,-122.9917,7.9723142,0,0.005,"V6",1,0,"R6",2016-06-01
"1248",107,2016,"July",45.0473,-122.9917,7.9723142,2,0,"V6",1,0,"R6",2016-07-01
"1249",108,2016,"April",45.0489,-122.9907,1.3354638,0,0,"non-V6",1,1,"non-R6",2016-04-01
"1250",108,2016,"May",45.0489,-122.9907,1.3354638,0,0,"non-V6",1,1,"non-R6",2016-05-01
"1251",108,2016,"June",45.0489,-122.9907,1.3354638,0,0.005,"non-V6",1,1,"non-R6",2016-06-01
"1252",108,2016,"July",45.0489,-122.9907,1.3354638,1,0,"non-V6",1,1,"non-R6",2016-07-01
"1253",110,2016,"April",45.0475,-123.0019,1.4973382,0,0,"non-V6",1,1,"non-R6",2016-04-01
"1254",110,2016,"May",45.0475,-123.0019,1.4973382,0,0,"non-V6",1,1,"non-R6",2016-05-01
"1255",110,2016,"June",45.0475,-123.0019,1.4973382,0,0,"non-V6",1,1,"non-R6",2016-06-01
"1256",110,2016,"July",45.0475,-123.0019,1.4973382,1,0,"non-V6",1,1,"non-R6",2016-07-01
"1257",111,2016,"April",45.1889,-122.7755,6.1107586,0,0,"V6",1,1,"non-R6",2016-04-01
"1258",111,2016,"May",45.1889,-122.7755,6.1107586,0,0,"V6",1,1,"non-R6",2016-05-01
"1259",111,2016,"June",45.1889,-122.7755,6.1107586,3,0.065,"V6",1,1,"non-R6",2016-06-01
"1260",111,2016,"July",45.1889,-122.7755,6.1107586,2,0.025,"V6",1,1,"non-R6",2016-07-01
"1261",112,2016,"April",45.1906,-122.7753,6.0298214,0,0,"non-V6",1,1,"non-R6",2016-04-01
"1262",112,2016,"May",45.1906,-122.7753,6.0298214,0,0,"non-V6",1,1,"non-R6",2016-05-01
"1263",112,2016,"June",45.1906,-122.7753,6.0298214,2,0,"non-V6",1,1,"non-R6",2016-06-01
"1264",112,2016,"July",45.1906,-122.7753,6.0298214,2,0,"non-V6",1,1,"non-R6",2016-07-01
"1265",113,2016,"April",45.193,-122.7746,6.3131016,0,0,"V6",1,0,"R6",2016-04-01
"1266",113,2016,"May",45.193,-122.7746,6.3131016,1,0,"V6",1,0,"R6",2016-05-01
"1267",113,2016,"June",45.193,-122.7746,6.3131016,1,0.19,"V6",1,0,"R6",2016-06-01
"1268",113,2016,"July",45.193,-122.7746,6.3131016,3,0.295,"V6",1,0,"R6",2016-07-01
"1269",114,2016,"April",45.1964,-122.7797,6.272633,0,0,"non-V6",1,1,"non-R6",2016-04-01
"1270",114,2016,"May",45.1964,-122.7797,6.272633,0,0,"non-V6",1,1,"non-R6",2016-05-01
"1271",114,2016,"June",45.1964,-122.7797,6.272633,3,0,"non-V6",1,1,"non-R6",2016-06-01
"1272",114,2016,"July",45.1964,-122.7797,6.272633,1,0.025,"non-V6",1,1,"non-R6",2016-07-01
"1273",115,2016,"April",45.1931,-122.7852,10.6837104,0,0,"V6",1,1,"non-R6",2016-04-01
"1274",115,2016,"May",45.1931,-122.7852,10.6837104,0,0.0175,"V6",1,1,"non-R6",2016-05-01
"1275",115,2016,"June",45.1931,-122.7852,10.6837104,3,0.63,"V6",1,1,"non-R6",2016-06-01
"1276",115,2016,"July",45.1931,-122.7852,10.6837104,4,0.34,"V6",1,1,"non-R6",2016-07-01
"1277",116,2016,"April",45.1898,-122.7861,8.3770002,0,0,"V6",1,1,"non-R6",2016-04-01
"1278",116,2016,"May",45.1898,-122.7861,8.3770002,0,0,"V6",1,1,"non-R6",2016-05-01
"1279",116,2016,"June",45.1898,-122.7861,8.3770002,3,0.05,"V6",1,1,"non-R6",2016-06-01
"1280",116,2016,"July",45.1898,-122.7861,8.3770002,2,0.005,"V6",1,1,"non-R6",2016-07-01
"1281",117,2016,"April",45.1962,-122.7851,9.9552756,0,0,"V6",1,0,"R6",2016-04-01
"1282",117,2016,"May",45.1962,-122.7851,9.9552756,1,0,"V6",1,0,"R6",2016-05-01
"1283",117,2016,"June",45.1962,-122.7851,9.9552756,2,0.665,"V6",1,0,"R6",2016-06-01
"1284",117,2016,"July",45.1962,-122.7851,9.9552756,3,0.525,"V6",1,0,"R6",2016-07-01
"1285",118,2016,"April",45.1864,-122.786,9.2673094,0,0,"V6",1,0,"R6",2016-04-01
"1286",118,2016,"May",45.1864,-122.786,9.2673094,0,0.0025,"V6",1,0,"R6",2016-05-01
"1287",118,2016,"June",45.1864,-122.786,9.2673094,1,0.975,"V6",1,0,"R6",2016-06-01
"1288",118,2016,"July",45.1864,-122.786,9.2673094,0,0.7,"V6",1,0,"R6",2016-07-01
"1289",119,2016,"April",45.1863,-122.7811,18.8583676,0,0,"V6",1,0,"R6",2016-04-01
"1290",119,2016,"May",45.1863,-122.7811,18.8583676,1,0,"V6",1,0,"R6",2016-05-01
"1291",119,2016,"June",45.1863,-122.7811,18.8583676,1,0.665,"V6",1,0,"R6",2016-06-01
"1292",119,2016,"July",45.1863,-122.7811,18.8583676,2,0.36,"V6",1,0,"R6",2016-07-01
"1293",120,2016,"April",45.1905,-122.7928,4.8157634,0,0,"non-V6",1,1,"non-R6",2016-04-01
"1294",120,2016,"May",45.1905,-122.7928,4.8157634,0,0,"non-V6",1,1,"non-R6",2016-05-01
"1295",120,2016,"June",45.1905,-122.7928,4.8157634,2,0,"non-V6",1,1,"non-R6",2016-06-01
"1296",120,2016,"July",45.1905,-122.7928,4.8157634,2,0,"non-V6",1,1,"non-R6",2016-07-01
"1297",121,2016,"April",45.1897,-122.7802,14.6091646,0,0,"V6",1,0,"R6",2016-04-01
"1298",121,2016,"May",45.1897,-122.7802,14.6091646,0,0,"V6",1,0,"R6",2016-05-01
"1299",121,2016,"June",45.1897,-122.7802,14.6091646,2,0.75,"V6",1,0,"R6",2016-06-01
"1300",121,2016,"July",45.1897,-122.7802,14.6091646,3,0.185,"V6",1,0,"R6",2016-07-01
"1301",122,2016,"April",45.1986,-122.78,14.0426042,0,0,"V6",1,1,"non-R6",2016-04-01
"1302",122,2016,"May",45.1986,-122.78,14.0426042,1,0,"V6",1,1,"non-R6",2016-05-01
"1303",122,2016,"June",45.1986,-122.78,14.0426042,2,0,"V6",1,1,"non-R6",2016-06-01
"1304",122,2016,"July",45.1986,-122.78,14.0426042,2,0.005,"V6",1,1,"non-R6",2016-07-01
"1305",123,2016,"April",45.1883,-122.791,10.5623046,0,0,"non-V6",1,1,"non-R6",2016-04-01
"1306",123,2016,"May",45.1883,-122.791,10.5623046,0,0,"non-V6",1,1,"non-R6",2016-05-01
"1307",123,2016,"June",45.1883,-122.791,10.5623046,4,0,"non-V6",1,1,"non-R6",2016-06-01
"1308",123,2016,"July",45.1883,-122.791,10.5623046,2,0,"non-V6",1,1,"non-R6",2016-07-01
"1309",124,2016,"April",45.1865,-122.7907,8.296063,0,0,"V6",1,0,"R6",2016-04-01
"1310",124,2016,"May",45.1865,-122.7907,8.296063,0,0,"V6",1,0,"R6",2016-05-01
"1311",124,2016,"June",45.1865,-122.7907,8.296063,3,0.085,"V6",1,0,"R6",2016-06-01
"1312",124,2016,"July",45.1865,-122.7907,8.296063,3,0.02,"V6",1,0,"R6",2016-07-01
"1313",1,2017,"April",45.0405,-122.7772,0.6879662,0,0,"non-V6",1,1,"non-R6",2017-04-01
"1314",1,2017,"May",45.0405,-122.7772,0.6879662,0,0,"non-V6",1,1,"non-R6",2017-05-01
"1315",1,2017,"June",45.0405,-122.7772,0.6879662,2,0,"non-V6",1,1,"non-R6",2017-06-01
"1316",1,2017,"July",45.0405,-122.7772,0.6879662,3,0,"non-V6",1,1,"non-R6",2017-07-01
"1317",2,2017,"April",45.0376,-122.7813,1.4973382,0,0,"non-V6",1,1,"non-R6",2017-04-01
"1318",2,2017,"May",45.0376,-122.7813,1.4973382,0,0,"non-V6",1,1,"non-R6",2017-05-01
"1319",2,2017,"June",45.0376,-122.7813,1.4973382,2,0,"non-V6",1,1,"non-R6",2017-06-01
"1320",2,2017,"July",45.0376,-122.7813,1.4973382,3,0,"non-V6",1,1,"non-R6",2017-07-01
"1321",3,2017,"April",45.0411,-122.7766,0.8903092,0,0,"non-V6",1,1,"non-R6",2017-04-01
"1322",3,2017,"May",45.0411,-122.7766,0.8903092,0,0,"non-V6",1,1,"non-R6",2017-05-01
"1323",3,2017,"June",45.0411,-122.7766,0.8903092,2,0,"non-V6",1,1,"non-R6",2017-06-01
"1324",3,2017,"July",45.0411,-122.7766,0.8903092,3,0,"non-V6",1,1,"non-R6",2017-07-01
"1325",4,2017,"April",45.0405,-122.7778,2.3876474,0,0,"non-V6",1,1,"non-R6",2017-04-01
"1326",4,2017,"May",45.0405,-122.7778,2.3876474,0,0,"non-V6",1,1,"non-R6",2017-05-01
"1327",4,2017,"June",45.0405,-122.7778,2.3876474,2,0,"non-V6",1,1,"non-R6",2017-06-01
"1328",4,2017,"July",45.0405,-122.7778,2.3876474,3,0,"non-V6",1,1,"non-R6",2017-07-01
"1329",5,2017,"April",45.0377,-122.7779,1.2545266,0,0,"non-V6",1,1,"non-R6",2017-04-01
"1330",5,2017,"May",45.0377,-122.7779,1.2545266,0,0,"non-V6",1,1,"non-R6",2017-05-01
"1331",5,2017,"June",45.0377,-122.7779,1.2545266,2,0,"non-V6",1,1,"non-R6",2017-06-01
"1332",5,2017,"July",45.0377,-122.7779,1.2545266,3,0,"non-V6",1,1,"non-R6",2017-07-01
"1333",7,2017,"April",45.0412,-122.7753,2.9542078,0,0,"non-V6",1,1,"non-R6",2017-04-01
"1334",7,2017,"May",45.0412,-122.7753,2.9542078,0,0,"non-V6",1,1,"non-R6",2017-05-01
"1335",7,2017,"June",45.0412,-122.7753,2.9542078,2,0,"non-V6",1,1,"non-R6",2017-06-01
"1336",7,2017,"July",45.0412,-122.7753,2.9542078,3,0,"non-V6",1,1,"non-R6",2017-07-01
"1337",8,2017,"April",45.0403,-122.7818,7.7699712,0,0,"non-V6",1,1,"non-R6",2017-04-01
"1338",8,2017,"May",45.0403,-122.7818,7.7699712,0,0,"non-V6",1,1,"non-R6",2017-05-01
"1339",8,2017,"June",45.0403,-122.7818,7.7699712,2,0,"non-V6",1,1,"non-R6",2017-06-01
"1340",8,2017,"July",45.0403,-122.7818,7.7699712,3,0,"non-V6",1,1,"non-R6",2017-07-01
"1341",9,2017,"April",45.0377,-122.7803,1.8615556,0,0,"non-V6",1,1,"non-R6",2017-04-01
"1342",9,2017,"May",45.0377,-122.7803,1.8615556,0,0,"non-V6",1,1,"non-R6",2017-05-01
"1343",9,2017,"June",45.0377,-122.7803,1.8615556,2,0,"non-V6",1,1,"non-R6",2017-06-01
"1344",9,2017,"July",45.0377,-122.7803,1.8615556,3,0,"non-V6",1,1,"non-R6",2017-07-01
"1345",10,2017,"April",45.0377,-122.7771,2.0638986,0,0,"non-V6",1,1,"non-R6",2017-04-01
"1346",10,2017,"May",45.0377,-122.7771,2.0638986,0,0,"non-V6",1,1,"non-R6",2017-05-01
"1347",10,2017,"June",45.0377,-122.7771,2.0638986,2,0,"non-V6",1,1,"non-R6",2017-06-01
"1348",10,2017,"July",45.0377,-122.7771,2.0638986,3,0,"non-V6",1,1,"non-R6",2017-07-01
"1349",11,2017,"April",45.0775,-122.7656,7.0010678,0,0,"V6",1,1,"non-R6",2017-04-01
"1350",11,2017,"May",45.0775,-122.7656,7.0010678,0,0.0025,"V6",1,1,"non-R6",2017-05-01
"1351",11,2017,"June",45.0775,-122.7656,7.0010678,2,0,"V6",1,1,"non-R6",2017-06-01
"1352",11,2017,"July",45.0775,-122.7656,7.0010678,3,0,"V6",1,1,"non-R6",2017-07-01
"1353",12,2017,"April",45.079,-122.7666,2.02343,0,0.0025,"V6",1,1,"non-R6",2017-04-01
"1354",12,2017,"May",45.079,-122.7666,2.02343,0,0.0025,"V6",1,1,"non-R6",2017-05-01
"1355",12,2017,"June",45.079,-122.7666,2.02343,2,0,"V6",1,1,"non-R6",2017-06-01
"1356",12,2017,"July",45.079,-122.7666,2.02343,3,0,"V6",1,1,"non-R6",2017-07-01
"1357",13,2017,"April",45.0842,-122.7656,3.8849856,0,0,"V6",1,1,"non-R6",2017-04-01
"1358",13,2017,"May",45.0842,-122.7656,3.8849856,0,0,"V6",1,1,"non-R6",2017-05-01
"1359",13,2017,"June",45.0842,-122.7656,3.8849856,2,0,"V6",1,1,"non-R6",2017-06-01
"1360",13,2017,"July",45.0842,-122.7656,3.8849856,3,0.005,"V6",1,1,"non-R6",2017-07-01
"1361",14,2017,"April",45.0839,-122.763,5.260918,0,0,"non-V6",1,1,"non-R6",2017-04-01
"1362",14,2017,"May",45.0839,-122.763,5.260918,0,0,"non-V6",1,1,"non-R6",2017-05-01
"1363",14,2017,"June",45.0839,-122.763,5.260918,2,0,"non-V6",1,1,"non-R6",2017-06-01
"1364",14,2017,"July",45.0839,-122.763,5.260918,3,0,"non-V6",1,1,"non-R6",2017-07-01
"1365",15,2017,"April",45.0805,-122.7666,11.0074592,0,0,"non-V6",1,1,"non-R6",2017-04-01
"1366",15,2017,"May",45.0805,-122.7666,11.0074592,0,0,"non-V6",1,1,"non-R6",2017-05-01
"1367",15,2017,"June",45.0805,-122.7666,11.0074592,2,0,"non-V6",1,1,"non-R6",2017-06-01
"1368",15,2017,"July",45.0805,-122.7666,11.0074592,3,0,"non-V6",1,1,"non-R6",2017-07-01
"1369",16,2017,"April",45.0405,-122.7794,5.867947,0,0,"non-V6",1,1,"non-R6",2017-04-01
"1370",16,2017,"May",45.0405,-122.7794,5.867947,0,0,"non-V6",1,1,"non-R6",2017-05-01
"1371",16,2017,"June",45.0405,-122.7794,5.867947,2,0,"non-V6",1,1,"non-R6",2017-06-01
"1372",16,2017,"July",45.0405,-122.7794,5.867947,3,0,"non-V6",1,1,"non-R6",2017-07-01
"1373",17,2017,"April",45.0799,-122.7262,7.8509084,0,0,"non-V6",1,1,"non-R6",2017-04-01
"1374",17,2017,"May",45.0799,-122.7262,7.8509084,0,0,"non-V6",1,1,"non-R6",2017-05-01
"1375",17,2017,"June",45.0799,-122.7262,7.8509084,2,0,"non-V6",1,1,"non-R6",2017-06-01
"1376",17,2017,"July",45.0799,-122.7262,7.8509084,3,0,"non-V6",1,1,"non-R6",2017-07-01
"1377",18,2017,"April",45.0826,-122.7274,6.9201306,0,0,"non-V6",1,1,"non-R6",2017-04-01
"1378",18,2017,"May",45.0826,-122.7274,6.9201306,0,0,"non-V6",1,1,"non-R6",2017-05-01
"1379",18,2017,"June",45.0826,-122.7274,6.9201306,2,0,"non-V6",1,1,"non-R6",2017-06-01
"1380",18,2017,"July",45.0826,-122.7274,6.9201306,3,0,"non-V6",1,1,"non-R6",2017-07-01
"1381",19,2017,"April",45.0799,-122.7239,3.8849856,0,0,"non-V6",1,1,"non-R6",2017-04-01
"1382",19,2017,"May",45.0799,-122.7239,3.8849856,0,0,"non-V6",1,1,"non-R6",2017-05-01
"1383",19,2017,"June",45.0799,-122.7239,3.8849856,2,0,"non-V6",1,1,"non-R6",2017-06-01
"1384",19,2017,"July",45.0799,-122.7239,3.8849856,3,0,"non-V6",1,1,"non-R6",2017-07-01
"1385",20,2017,"April",45.0412,-122.7729,3.7231112,0,0,"non-V6",1,1,"non-R6",2017-04-01
"1386",20,2017,"May",45.0412,-122.7729,3.7231112,0,0,"non-V6",1,1,"non-R6",2017-05-01
"1387",20,2017,"June",45.0412,-122.7729,3.7231112,2,0,"non-V6",1,1,"non-R6",2017-06-01
"1388",20,2017,"July",45.0412,-122.7729,3.7231112,3,0,"non-V6",1,1,"non-R6",2017-07-01
"1389",21,2017,"April",45.0376,-122.779,3.1160822,0,0,"non-V6",1,1,"non-R6",2017-04-01
"1390",21,2017,"May",45.0376,-122.779,3.1160822,0,0,"non-V6",1,1,"non-R6",2017-05-01
"1391",21,2017,"June",45.0376,-122.779,3.1160822,2,0,"non-V6",1,1,"non-R6",2017-06-01
"1392",21,2017,"July",45.0376,-122.779,3.1160822,3,0,"non-V6",1,1,"non-R6",2017-07-01
"1393",22,2017,"April",45.0915,-122.7569,9.307778,0,0,"V6",1,1,"non-R6",2017-04-01
"1394",22,2017,"May",45.0915,-122.7569,9.307778,0,0,"V6",1,1,"non-R6",2017-05-01
"1395",22,2017,"June",45.0915,-122.7569,9.307778,1,0.25,"V6",1,1,"non-R6",2017-06-01
"1396",22,2017,"July",45.0915,-122.7569,9.307778,4,0,"V6",1,1,"non-R6",2017-07-01
"1397",24,2017,"April",45.088,-122.742,10.4408988,0,0,"V6",1,1,"non-R6",2017-04-01
"1398",24,2017,"May",45.088,-122.742,10.4408988,1,0.005,"V6",1,1,"non-R6",2017-05-01
"1399",24,2017,"June",45.088,-122.742,10.4408988,3,0,"V6",1,1,"non-R6",2017-06-01
"1400",24,2017,"July",45.088,-122.742,10.4408988,4,0.085,"V6",1,1,"non-R6",2017-07-01
"1401",25,2017,"April",45.0802,-122.7372,7.6485654,0,0,"V6",1,1,"non-R6",2017-04-01
"1402",25,2017,"May",45.0802,-122.7372,7.6485654,1,0.0025,"V6",1,1,"non-R6",2017-05-01
"1403",25,2017,"June",45.0802,-122.7372,7.6485654,3,0.21,"V6",1,1,"non-R6",2017-06-01
"1404",25,2017,"July",45.0802,-122.7372,7.6485654,3,0.005,"V6",1,1,"non-R6",2017-07-01
"1405",26,2017,"April",45.0833,-122.7513,18.008527,0,0,"non-V6",1,0,"R6",2017-04-01
"1406",26,2017,"May",45.0833,-122.7513,18.008527,2,0,"non-V6",1,0,"R6",2017-05-01
"1407",26,2017,"June",45.0833,-122.7513,18.008527,2,0,"non-V6",1,0,"R6",2017-06-01
"1408",26,2017,"July",45.0833,-122.7513,18.008527,3,0,"non-V6",1,0,"R6",2017-07-01
"1409",27,2017,"April",45.0772,-122.7606,12.949952,0,0,"V6",1,0,"R6",2017-04-01
"1410",27,2017,"May",45.0772,-122.7606,12.949952,0,0,"V6",1,0,"R6",2017-05-01
"1411",27,2017,"June",45.0772,-122.7606,12.949952,2,0.005,"V6",1,0,"R6",2017-06-01
"1412",27,2017,"July",45.0772,-122.7606,12.949952,3,0,"V6",1,0,"R6",2017-07-01
"1413",28,2017,"April",45.0771,-122.7557,8.0127828,0,0,"non-V6",1,0,"R6",2017-04-01
"1414",28,2017,"May",45.0771,-122.7557,8.0127828,0,0,"non-V6",1,0,"R6",2017-05-01
"1415",28,2017,"June",45.0771,-122.7557,8.0127828,2,0,"non-V6",1,0,"R6",2017-06-01
"1416",28,2017,"July",45.0771,-122.7557,8.0127828,3,0,"non-V6",1,0,"R6",2017-07-01
"1417",29,2017,"April",45.0925,-122.7523,15.0947878,0,0,"non-V6",1,1,"non-R6",2017-04-01
"1418",29,2017,"May",45.0925,-122.7523,15.0947878,1,0,"non-V6",1,1,"non-R6",2017-05-01
"1419",29,2017,"June",45.0925,-122.7523,15.0947878,3,0,"non-V6",1,1,"non-R6",2017-06-01
"1420",29,2017,"July",45.0925,-122.7523,15.0947878,2,0,"non-V6",1,1,"non-R6",2017-07-01
"1421",30,2017,"April",45.0936,-122.7569,9.1459036,0,0.005,"V6",1,0,"R6",2017-04-01
"1422",30,2017,"May",45.0936,-122.7569,9.1459036,1,0,"V6",1,0,"R6",2017-05-01
"1423",30,2017,"June",45.0936,-122.7569,9.1459036,2,0.015,"V6",1,0,"R6",2017-06-01
"1424",30,2017,"July",45.0936,-122.7569,9.1459036,4,0.025,"V6",1,0,"R6",2017-07-01
"1425",31,2017,"April",45.0926,-122.7473,21.3269522,0,0,"V6",1,0,"R6",2017-04-01
"1426",31,2017,"May",45.0926,-122.7473,21.3269522,1,0,"V6",1,0,"R6",2017-05-01
"1427",31,2017,"June",45.0926,-122.7473,21.3269522,2,0.03,"V6",1,0,"R6",2017-06-01
"1428",31,2017,"July",45.0926,-122.7473,21.3269522,3,0.005,"V6",1,0,"R6",2017-07-01
"1429",32,2017,"April",45.0891,-122.7526,4.1682658,0,0,"V6",1,1,"non-R6",2017-04-01
"1430",32,2017,"May",45.0891,-122.7526,4.1682658,1,0,"V6",1,1,"non-R6",2017-05-01
"1431",32,2017,"June",45.0891,-122.7526,4.1682658,3,0.015,"V6",1,1,"non-R6",2017-06-01
"1432",32,2017,"July",45.0891,-122.7526,4.1682658,2,0.035,"V6",1,1,"non-R6",2017-07-01
"1433",33,2017,"April",45.0891,-122.7476,14.8115076,0,0,"V6",1,1,"non-R6",2017-04-01
"1434",33,2017,"May",45.0891,-122.7476,14.8115076,1,0,"V6",1,1,"non-R6",2017-05-01
"1435",33,2017,"June",45.0891,-122.7476,14.8115076,2,0.02,"V6",1,1,"non-R6",2017-06-01
"1436",33,2017,"July",45.0891,-122.7476,14.8115076,3,0,"V6",1,1,"non-R6",2017-07-01
"1437",34,2017,"April",45.0866,-122.7601,0.9307778,0,0,"V6",1,1,"non-R6",2017-04-01
"1438",34,2017,"May",45.0866,-122.7601,0.9307778,1,0,"V6",1,1,"non-R6",2017-05-01
"1439",34,2017,"June",45.0866,-122.7601,0.9307778,3,0.005,"V6",1,1,"non-R6",2017-06-01
"1440",34,2017,"July",45.0866,-122.7601,0.9307778,2,0.045,"V6",1,1,"non-R6",2017-07-01
"1441",35,2017,"April",45.0642,-122.7815,5.6251354,0,0,"V6",1,1,"non-R6",2017-04-01
"1442",35,2017,"May",45.0642,-122.7815,5.6251354,1,0,"V6",1,1,"non-R6",2017-05-01
"1443",35,2017,"June",45.0642,-122.7815,5.6251354,1,0,"V6",1,1,"non-R6",2017-06-01
"1444",35,2017,"July",45.0642,-122.7815,5.6251354,1,0.013333333,"V6",1,1,"non-R6",2017-07-01
"1445",36,2017,"April",45.066,-122.7805,3.3993624,0,0,"non-V6",1,1,"non-R6",2017-04-01
"1446",36,2017,"May",45.066,-122.7805,3.3993624,1,0,"non-V6",1,1,"non-R6",2017-05-01
"1447",36,2017,"June",45.066,-122.7805,3.3993624,1,0,"non-V6",1,1,"non-R6",2017-06-01
"1448",36,2017,"July",45.066,-122.7805,3.3993624,1,0,"non-V6",1,1,"non-R6",2017-07-01
"1449",37,2017,"April",45.0659,-122.7829,4.856232,0,0,"non-V6",1,1,"non-R6",2017-04-01
"1450",37,2017,"May",45.0659,-122.7829,4.856232,1,0,"non-V6",1,1,"non-R6",2017-05-01
"1451",37,2017,"June",45.0659,-122.7829,4.856232,1,0,"non-V6",1,1,"non-R6",2017-06-01
"1452",37,2017,"July",45.0659,-122.7829,4.856232,1,0,"non-V6",1,1,"non-R6",2017-07-01
"1453",38,2017,"April",45.067,-122.778,15.4590052,0,0,"V6",1,1,"non-R6",2017-04-01
"1454",38,2017,"May",45.067,-122.778,15.4590052,1,0,"V6",1,1,"non-R6",2017-05-01
"1455",38,2017,"June",45.067,-122.778,15.4590052,1,0,"V6",1,1,"non-R6",2017-06-01
"1456",38,2017,"July",45.067,-122.778,15.4590052,1,0.115,"V6",1,1,"non-R6",2017-07-01
"1457",39,2017,"April",45.058,-122.788,3.844517,0,0,"non-V6",1,1,"non-R6",2017-04-01
"1458",39,2017,"May",45.058,-122.788,3.844517,1,0,"non-V6",1,1,"non-R6",2017-05-01
"1459",39,2017,"June",45.058,-122.788,3.844517,1,0,"non-V6",1,1,"non-R6",2017-06-01
"1460",39,2017,"July",45.058,-122.788,3.844517,2,0,"non-V6",1,1,"non-R6",2017-07-01
"1461",40,2017,"April",45.0607,-122.7933,16.8754062,0,0,"non-V6",1,1,"non-R6",2017-04-01
"1462",40,2017,"May",45.061,-122.789,12.0191742,1,0,"non-V6",1,1,"non-R6",2017-05-01
"1463",40,2017,"June",45.061,-122.789,12.0191742,1,0,"non-V6",1,1,"non-R6",2017-06-01
"1464",40,2017,"July",45.061,-122.789,12.0191742,2,0,"non-V6",1,1,"non-R6",2017-07-01
"1465",41,2017,"April",45.0607,-122.7933,16.8754062,0,0,"non-V6",1,1,"non-R6",2017-04-01
"1466",41,2017,"May",45.0607,-122.7933,16.8754062,1,0,"non-V6",1,1,"non-R6",2017-05-01
"1467",41,2017,"June",45.0607,-122.7933,16.8754062,1,0,"non-V6",1,1,"non-R6",2017-06-01
"1468",41,2017,"July",45.0607,-122.7933,16.8754062,0,0,"non-V6",1,1,"non-R6",2017-07-01
"1469",42,2017,"April",45.0575,-122.793,9.8338698,0,0,"non-V6",1,1,"non-R6",2017-04-01
"1470",42,2017,"May",45.0575,-122.793,9.8338698,1,0,"non-V6",1,1,"non-R6",2017-05-01
"1471",42,2017,"June",45.0575,-122.793,9.8338698,1,0,"non-V6",1,1,"non-R6",2017-06-01
"1472",42,2017,"July",45.0575,-122.793,9.8338698,0,0,"non-V6",1,1,"non-R6",2017-07-01
"1473",43,2017,"April",45.0521,-122.7833,18.5346188,0,0,"non-V6",1,0,"R6",2017-04-01
"1474",43,2017,"May",45.0521,-122.7833,18.5346188,0,0,"non-V6",1,0,"R6",2017-05-01
"1475",43,2017,"June",45.0521,-122.7833,18.5346188,1,0,"non-V6",1,0,"R6",2017-06-01
"1476",43,2017,"July",45.0521,-122.7833,18.5346188,0,0,"non-V6",1,0,"R6",2017-07-01
"1477",44,2017,"April",45.195,-122.845,8.7816862,0,0,"non-V6",1,1,"non-R6",2017-04-01
"1478",44,2017,"May",45.195,-122.845,8.7816862,0,0,"non-V6",1,1,"non-R6",2017-05-01
"1479",44,2017,"June",45.195,-122.845,8.7816862,2,0,"non-V6",1,1,"non-R6",2017-06-01
"1480",44,2017,"July",45.195,-122.845,8.7816862,2,0,"non-V6",1,1,"non-R6",2017-07-01
"1481",45,2017,"April",45.1684,-122.8832,6.4345074,0,0,"non-V6",1,0,"R6",2017-04-01
"1482",45,2017,"May",45.1684,-122.8832,6.4345074,0,0,"non-V6",1,0,"R6",2017-05-01
"1483",45,2017,"June",45.1684,-122.8832,6.4345074,3,0,"non-V6",1,0,"R6",2017-06-01
"1484",45,2017,"July",45.1684,-122.8832,6.4345074,1,0,"non-V6",1,0,"R6",2017-07-01
"1485",46,2017,"April",45.2005,-122.9142,19.8700826,0,0,"V6",1,0,"R6",2017-04-01
"1486",46,2017,"May",45.2005,-122.9142,19.8700826,0,0,"V6",1,0,"R6",2017-05-01
"1487",46,2017,"June",45.2005,-122.9142,19.8700826,2,0,"V6",1,0,"R6",2017-06-01
"1488",46,2017,"July",45.2005,-122.9142,19.8700826,2,0.005,"V6",1,0,"R6",2017-07-01
"1489",47,2017,"April",45.1654,-122.8855,5.5441982,0,0,"non-V6",1,1,"non-R6",2017-04-01
"1490",47,2017,"May",45.1654,-122.8855,5.5441982,0,0,"non-V6",1,1,"non-R6",2017-05-01
"1491",47,2017,"June",45.1654,-122.8855,5.5441982,2,0,"non-V6",1,1,"non-R6",2017-06-01
"1492",47,2017,"July",45.1654,-122.8855,5.5441982,1,0,"non-V6",1,1,"non-R6",2017-07-01
"1493",48,2017,"April",45.1653,-122.8751,2.5495218,0,0,"non-V6",1,1,"non-R6",2017-04-01
"1494",48,2017,"May",45.1653,-122.8751,2.5495218,0,0,"non-V6",1,1,"non-R6",2017-05-01
"1495",48,2017,"June",45.1653,-122.8751,2.5495218,3,0,"non-V6",1,1,"non-R6",2017-06-01
"1496",48,2017,"July",45.1653,-122.8751,2.5495218,1,0,"non-V6",1,1,"non-R6",2017-07-01
"1497",49,2017,"April",45.1672,-122.8792,4.8967006,0,0,"non-V6",1,1,"non-R6",2017-04-01
"1498",49,2017,"May",45.1672,-122.8792,4.8967006,0,0,"non-V6",1,1,"non-R6",2017-05-01
"1499",49,2017,"June",45.1672,-122.8792,4.8967006,3,0,"non-V6",1,1,"non-R6",2017-06-01
"1500",49,2017,"July",45.1672,-122.8792,4.8967006,1,0,"non-V6",1,1,"non-R6",2017-07-01
"1501",50,2017,"April",45.1675,-122.8792,0.8498406,0,0,"non-V6",1,0,"R6",2017-04-01
"1502",50,2017,"May",45.1675,-122.8792,0.8498406,0,0,"non-V6",1,0,"R6",2017-05-01
"1503",50,2017,"June",45.1675,-122.8792,0.8498406,2,0,"non-V6",1,0,"R6",2017-06-01
"1504",50,2017,"July",45.1675,-122.8792,0.8498406,2,0,"non-V6",1,0,"R6",2017-07-01
"1505",51,2017,"April",45.1685,-122.9058,9.0649664,0,0,"V6",1,1,"non-R6",2017-04-01
"1506",51,2017,"May",45.1685,-122.9058,9.0649664,0,0,"V6",1,1,"non-R6",2017-05-01
"1507",51,2017,"June",45.1685,-122.9058,9.0649664,2,0,"V6",1,1,"non-R6",2017-06-01
"1508",51,2017,"July",45.1685,-122.9058,9.0649664,1,0.005,"V6",1,1,"non-R6",2017-07-01
"1509",52,2017,"April",45.1653,-122.8815,14.9329134,0,0,"non-V6",1,0,"R6",2017-04-01
"1510",52,2017,"May",45.1653,-122.8815,14.9329134,0,0,"non-V6",1,0,"R6",2017-05-01
"1511",52,2017,"June",45.1653,-122.8815,14.9329134,2,0,"non-V6",1,0,"R6",2017-06-01
"1512",52,2017,"July",45.1653,-122.8815,14.9329134,2,0,"non-V6",1,0,"R6",2017-07-01
"1513",53,2017,"April",45.1659,-122.8885,7.3652852,0,0,"non-V6",1,1,"non-R6",2017-04-01
"1514",53,2017,"May",45.1659,-122.8885,7.3652852,0,0,"non-V6",1,1,"non-R6",2017-05-01
"1515",53,2017,"June",45.1659,-122.8885,7.3652852,2,0,"non-V6",1,1,"non-R6",2017-06-01
"1516",53,2017,"July",45.1659,-122.8885,7.3652852,1,0,"non-V6",1,1,"non-R6",2017-07-01
"1517",54,2017,"April",45.199,-122.8455,4.1277972,0,0,"non-V6",1,1,"non-R6",2017-04-01
"1518",54,2017,"May",45.199,-122.8455,4.1277972,0,0,"non-V6",1,1,"non-R6",2017-05-01
"1519",54,2017,"June",45.199,-122.8455,4.1277972,3,0,"non-V6",1,1,"non-R6",2017-06-01
"1520",54,2017,"July",45.199,-122.8455,4.1277972,1,0,"non-V6",1,1,"non-R6",2017-07-01
"1521",55,2017,"April",45.1996,-122.8464,11.0479278,0,0,"non-V6",1,1,"non-R6",2017-04-01
"1522",55,2017,"May",45.1996,-122.8464,11.0479278,0,0,"non-V6",1,1,"non-R6",2017-05-01
"1523",55,2017,"June",45.1996,-122.8464,11.0479278,3,0,"non-V6",1,1,"non-R6",2017-06-01
"1524",55,2017,"July",45.1996,-122.8464,11.0479278,1,0,"non-V6",1,1,"non-R6",2017-07-01
"1525",57,2017,"April",45.1942,-122.7664,0.5260918,0,0,"V6",1,1,"non-R6",2017-04-01
"1526",57,2017,"May",45.1942,-122.7664,0.5260918,1,0,"V6",1,1,"non-R6",2017-05-01
"1527",57,2017,"June",45.1942,-122.7664,0.5260918,2,0,"V6",1,1,"non-R6",2017-06-01
"1528",57,2017,"July",45.1942,-122.7664,0.5260918,2,0.04,"V6",1,1,"non-R6",2017-07-01
"1529",58,2017,"April",45.1924,-122.7662,3.3184252,0,0,"V6",1,1,"non-R6",2017-04-01
"1530",58,2017,"May",45.1924,-122.7662,3.3184252,1,0,"V6",1,1,"non-R6",2017-05-01
"1531",58,2017,"June",45.1924,-122.7662,3.3184252,2,0,"V6",1,1,"non-R6",2017-06-01
"1532",58,2017,"July",45.1924,-122.7662,3.3184252,2,0.005,"V6",1,1,"non-R6",2017-07-01
"1533",59,2017,"April",45.19,-122.7621,3.439831,0,0,"non-V6",1,1,"non-R6",2017-04-01
"1534",59,2017,"May",45.19,-122.7621,3.439831,1,0,"non-V6",1,1,"non-R6",2017-05-01
"1535",59,2017,"June",45.19,-122.7621,3.439831,2,0,"non-V6",1,1,"non-R6",2017-06-01
"1536",59,2017,"July",45.19,-122.7621,3.439831,4,0,"non-V6",1,1,"non-R6",2017-07-01
"1537",60,2017,"April",45.1931,-122.766,1.7401498,0,0,"non-V6",1,1,"non-R6",2017-04-01
"1538",60,2017,"May",45.1931,-122.766,1.7401498,1,0,"non-V6",1,1,"non-R6",2017-05-01
"1539",60,2017,"June",45.1931,-122.766,1.7401498,2,0,"non-V6",1,1,"non-R6",2017-06-01
"1540",60,2017,"July",45.1931,-122.766,1.7401498,2,0,"non-V6",1,1,"non-R6",2017-07-01
"1541",61,2017,"April",45.1979,-122.7756,3.6826426,0,0,"non-V6",1,1,"non-R6",2017-04-01
"1542",61,2017,"May",45.1979,-122.7756,3.6826426,1,0,"non-V6",1,1,"non-R6",2017-05-01
"1543",61,2017,"June",45.1979,-122.7756,3.6826426,2,0,"non-V6",1,1,"non-R6",2017-06-01
"1544",61,2017,"July",45.1979,-122.7756,3.6826426,2,0,"non-V6",1,1,"non-R6",2017-07-01
"1545",63,2017,"April",45.1899,-122.7667,9.9552756,0,0,"V6",1,1,"non-R6",2017-04-01
"1546",63,2017,"May",45.1899,-122.7667,9.9552756,2,0.0125,"V6",1,1,"non-R6",2017-05-01
"1547",63,2017,"June",45.1899,-122.7667,9.9552756,2,0.37,"V6",1,1,"non-R6",2017-06-01
"1548",63,2017,"July",45.1899,-122.7667,9.9552756,2,0.9,"V6",1,1,"non-R6",2017-07-01
"1549",64,2017,"April",45.1932,-122.7715,7.2034108,0,0,"non-V6",1,1,"non-R6",2017-04-01
"1550",64,2017,"May",45.1932,-122.7715,7.2034108,1,0,"non-V6",1,1,"non-R6",2017-05-01
"1551",64,2017,"June",45.1932,-122.7715,7.2034108,2,0,"non-V6",1,1,"non-R6",2017-06-01
"1552",64,2017,"July",45.1932,-122.7715,7.2034108,2,0,"non-V6",1,1,"non-R6",2017-07-01
"1553",65,2017,"April",45.1909,-122.7707,7.2438794,0,0,"non-V6",1,1,"non-R6",2017-04-01
"1554",65,2017,"May",45.1909,-122.7707,7.2438794,1,0,"non-V6",1,1,"non-R6",2017-05-01
"1555",65,2017,"June",45.1909,-122.7707,7.2438794,2,0,"non-V6",1,1,"non-R6",2017-06-01
"1556",65,2017,"July",45.1909,-122.7707,7.2438794,2,0,"non-V6",1,1,"non-R6",2017-07-01
"1557",66,2017,"April",45.201,-122.7725,3.1565508,0,0,"V6",1,0,"R6",2017-04-01
"1558",66,2017,"May",45.201,-122.7725,3.1565508,0,0,"V6",1,0,"R6",2017-05-01
"1559",66,2017,"June",45.201,-122.7725,3.1565508,3,0,"V6",1,0,"R6",2017-06-01
"1560",66,2017,"July",45.201,-122.7725,3.1565508,3,0.04,"V6",1,0,"R6",2017-07-01
"1561",67,2017,"April",45.1994,-122.774,6.7582562,0,0,"V6",1,0,"R6",2017-04-01
"1562",67,2017,"May",45.1994,-122.774,6.7582562,0,0,"V6",1,0,"R6",2017-05-01
"1563",67,2017,"June",45.1994,-122.774,6.7582562,4,0.015,"V6",1,0,"R6",2017-06-01
"1564",67,2017,"July",45.1994,-122.774,6.7582562,3,0.33,"V6",1,0,"R6",2017-07-01
"1565",68,2017,"April",45.189,-122.7707,7.7295026,0,0,"V6",1,0,"R6",2017-04-01
"1566",68,2017,"May",45.189,-122.7707,7.7295026,0,0,"V6",1,0,"R6",2017-05-01
"1567",68,2017,"June",45.189,-122.7707,7.7295026,3,0.04,"V6",1,0,"R6",2017-06-01
"1568",68,2017,"July",45.189,-122.7707,7.7295026,3,0.505,"V6",1,0,"R6",2017-07-01
"1569",69,2017,"April",45.1978,-122.7726,2.9946764,0,0,"V6",1,0,"R6",2017-04-01
"1570",69,2017,"May",45.1978,-122.7726,2.9946764,0,0,"V6",1,0,"R6",2017-05-01
"1571",69,2017,"June",45.1978,-122.7726,2.9946764,4,0.005,"V6",1,0,"R6",2017-06-01
"1572",69,2017,"July",45.1978,-122.7726,2.9946764,2,0.01,"V6",1,0,"R6",2017-07-01
"1573",70,2017,"April",45.1936,-122.7656,1.3759324,0,0,"V6",1,1,"non-R6",2017-04-01
"1574",70,2017,"May",45.1936,-122.7656,1.3759324,1,0,"V6",1,1,"non-R6",2017-05-01
"1575",70,2017,"June",45.1936,-122.7656,1.3759324,2,0.045,"V6",1,1,"non-R6",2017-06-01
"1576",70,2017,"July",45.1936,-122.7656,1.3759324,2,0.025,"V6",1,1,"non-R6",2017-07-01
"1577",71,2017,"April",45.1173,-122.8455,2.428116,0,0,"non-V6",1,0,"R6",2017-04-01
"1578",71,2017,"May",45.1173,-122.8455,2.428116,0,0,"non-V6",1,0,"R6",2017-05-01
"1579",71,2017,"June",45.1173,-122.8455,2.428116,0,0,"non-V6",1,0,"R6",2017-06-01
"1580",71,2017,"July",45.1173,-122.8455,2.428116,2,0,"non-V6",1,0,"R6",2017-07-01
"1581",72,2017,"April",45.1174,-122.8464,2.428116,0,0,"non-V6",1,0,"R6",2017-04-01
"1582",72,2017,"May",45.1174,-122.8464,2.428116,0,0,"non-V6",1,0,"R6",2017-05-01
"1583",72,2017,"June",45.1174,-122.8464,2.428116,0,0,"non-V6",1,0,"R6",2017-06-01
"1584",72,2017,"July",45.1174,-122.8464,2.428116,2,0,"non-V6",1,0,"R6",2017-07-01
"1585",73,2017,"April",45.1173,-122.845,0.404686,0,0,"non-V6",1,1,"non-R6",2017-04-01
"1586",73,2017,"May",45.1173,-122.845,0.404686,0,0,"non-V6",1,1,"non-R6",2017-05-01
"1587",73,2017,"June",45.1173,-122.845,0.404686,0,0,"non-V6",1,1,"non-R6",2017-06-01
"1588",73,2017,"July",45.1173,-122.845,0.404686,2,0,"non-V6",1,1,"non-R6",2017-07-01
"1589",74,2017,"April",45.1177,-122.8433,8.4174688,0,0,"non-V6",1,0,"R6",2017-04-01
"1590",74,2017,"May",45.1177,-122.8433,8.4174688,0,0,"non-V6",1,0,"R6",2017-05-01
"1591",74,2017,"June",45.1177,-122.8433,8.4174688,0,0,"non-V6",1,0,"R6",2017-06-01
"1592",74,2017,"July",45.1177,-122.8433,8.4174688,2,0,"non-V6",1,0,"R6",2017-07-01
"1593",75,2017,"April",45.1179,-122.8399,16.389783,0,0,"non-V6",1,1,"non-R6",2017-04-01
"1594",75,2017,"May",45.1179,-122.8399,16.389783,0,0,"non-V6",1,1,"non-R6",2017-05-01
"1595",75,2017,"June",45.1179,-122.8399,16.389783,0,0,"non-V6",1,1,"non-R6",2017-06-01
"1596",75,2017,"July",45.1179,-122.8399,16.389783,2,0,"non-V6",1,1,"non-R6",2017-07-01
"1597",76,2017,"April",45.1177,-122.8353,16.0255656,0,0,"V6",1,0,"R6",2017-04-01
"1598",76,2017,"May",45.1177,-122.8353,16.0255656,0,0,"V6",1,0,"R6",2017-05-01
"1599",76,2017,"June",45.1177,-122.8353,16.0255656,0,0,"V6",1,0,"R6",2017-06-01
"1600",76,2017,"July",45.1177,-122.8353,16.0255656,1,0.005,"V6",1,0,"R6",2017-07-01
"1601",77,2017,"April",45.1177,-122.8307,15.6208796,0,0,"non-V6",1,1,"non-R6",2017-04-01
"1602",77,2017,"May",45.1177,-122.8307,15.6208796,0,0,"non-V6",1,1,"non-R6",2017-05-01
"1603",77,2017,"June",45.1177,-122.8307,15.6208796,0,0,"non-V6",1,1,"non-R6",2017-06-01
"1604",77,2017,"July",45.1177,-122.8307,15.6208796,3,0,"non-V6",1,1,"non-R6",2017-07-01
"1605",78,2017,"April",45.1176,-122.8266,12.0596428,0,0,"non-V6",1,0,"R6",2017-04-01
"1606",78,2017,"May",45.1176,-122.8266,12.0596428,0,0,"non-V6",1,0,"R6",2017-05-01
"1607",78,2017,"June",45.1176,-122.8266,12.0596428,0,0,"non-V6",1,0,"R6",2017-06-01
"1608",78,2017,"July",45.1176,-122.8266,12.0596428,2,0,"non-V6",1,0,"R6",2017-07-01
"1609",79,2017,"April",45.1137,-122.83,10.1576186,0,0,"non-V6",1,1,"non-R6",2017-04-01
"1610",79,2017,"May",45.1137,-122.83,10.1576186,0,0,"non-V6",1,1,"non-R6",2017-05-01
"1611",79,2017,"June",45.1137,-122.83,10.1576186,0,0,"non-V6",1,1,"non-R6",2017-06-01
"1612",79,2017,"July",45.1137,-122.83,10.1576186,2,0,"non-V6",1,1,"non-R6",2017-07-01
"1613",80,2017,"April",45.1144,-122.8564,10.4004302,0,0,"non-V6",1,1,"non-R6",2017-04-01
"1614",80,2017,"May",45.1144,-122.8564,10.4004302,0,0,"non-V6",1,1,"non-R6",2017-05-01
"1615",80,2017,"June",45.1144,-122.8564,10.4004302,0,0,"non-V6",1,1,"non-R6",2017-06-01
"1616",80,2017,"July",45.1144,-122.8564,10.4004302,1,0,"non-V6",1,1,"non-R6",2017-07-01
"1617",81,2017,"April",45.1126,-122.8533,8.4174688,0,0,"non-V6",1,1,"non-R6",2017-04-01
"1618",81,2017,"May",45.1126,-122.8533,8.4174688,0,0,"non-V6",1,1,"non-R6",2017-05-01
"1619",81,2017,"June",45.1126,-122.8533,8.4174688,0,0,"non-V6",1,1,"non-R6",2017-06-01
"1620",81,2017,"July",45.1126,-122.8533,8.4174688,1,0,"non-V6",1,1,"non-R6",2017-07-01
"1621",82,2017,"April",45.0337,-122.7402,3.5612368,0,0,"non-V6",1,1,"non-R6",2017-04-01
"1622",82,2017,"May",45.0337,-122.7402,3.5612368,0,0,"non-V6",1,1,"non-R6",2017-05-01
"1623",82,2017,"June",45.0337,-122.7402,3.5612368,1,0,"non-V6",1,1,"non-R6",2017-06-01
"1624",82,2017,"July",45.0337,-122.7402,3.5612368,3,0,"non-V6",1,1,"non-R6",2017-07-01
"1625",83,2017,"April",45.0348,-122.7418,7.1224736,0,0,"non-V6",1,1,"non-R6",2017-04-01
"1626",83,2017,"May",45.0348,-122.7418,7.1224736,0,0,"non-V6",1,1,"non-R6",2017-05-01
"1627",83,2017,"June",45.0348,-122.7418,7.1224736,1,0,"non-V6",1,1,"non-R6",2017-06-01
"1628",83,2017,"July",45.0348,-122.7418,7.1224736,3,0,"non-V6",1,1,"non-R6",2017-07-01
"1629",85,2017,"April",45.0424,-122.8295,20.2343,0,0,"non-V6",1,1,"non-R6",2017-04-01
"1630",85,2017,"May",45.0424,-122.8295,20.2343,0,0,"non-V6",1,1,"non-R6",2017-05-01
"1631",85,2017,"June",45.0424,-122.8295,20.2343,1,0,"non-V6",1,1,"non-R6",2017-06-01
"1632",85,2017,"July",45.0424,-122.8295,20.2343,3,0,"non-V6",1,1,"non-R6",2017-07-01
"1633",86,2017,"April",45.0388,-122.832,2.02343,0,0,"non-V6",1,1,"non-R6",2017-04-01
"1634",86,2017,"May",45.0388,-122.832,2.02343,0,0,"non-V6",1,1,"non-R6",2017-05-01
"1635",86,2017,"June",45.0388,-122.832,2.02343,1,0,"non-V6",1,1,"non-R6",2017-06-01
"1636",86,2017,"July",45.0388,-122.832,2.02343,3,0,"non-V6",1,1,"non-R6",2017-07-01
"1637",87,2017,"April",45.0315,-122.7704,6.3131016,0,0,"non-V6",1,1,"non-R6",2017-04-01
"1638",87,2017,"May",45.0315,-122.7704,6.3131016,0,0,"non-V6",1,1,"non-R6",2017-05-01
"1639",87,2017,"June",45.0315,-122.7704,6.3131016,1,0,"non-V6",1,1,"non-R6",2017-06-01
"1640",87,2017,"July",45.0315,-122.7704,6.3131016,2,0,"non-V6",1,1,"non-R6",2017-07-01
"1641",88,2017,"April",45.0336,-122.7675,9.2673094,0,0,"non-V6",1,1,"non-R6",2017-04-01
"1642",88,2017,"May",45.0336,-122.7675,9.2673094,0,0,"non-V6",1,1,"non-R6",2017-05-01
"1643",88,2017,"June",45.0336,-122.7675,9.2673094,1,0,"non-V6",1,1,"non-R6",2017-06-01
"1644",88,2017,"July",45.0336,-122.7675,9.2673094,3,0,"non-V6",1,1,"non-R6",2017-07-01
"1645",90,2017,"April",45.0335,-122.7653,2.832802,0,0,"non-V6",1,1,"non-R6",2017-04-01
"1646",90,2017,"May",45.0335,-122.7653,2.832802,0,0,"non-V6",1,1,"non-R6",2017-05-01
"1647",90,2017,"June",45.0335,-122.7653,2.832802,1,0,"non-V6",1,1,"non-R6",2017-06-01
"1648",90,2017,"July",45.0335,-122.7653,2.832802,3,0,"non-V6",1,1,"non-R6",2017-07-01
"1649",91,2017,"April",45.0293,-122.7503,6.2321644,0,0,"non-V6",1,1,"non-R6",2017-04-01
"1650",91,2017,"May",45.0293,-122.7503,6.2321644,1,0,"non-V6",1,1,"non-R6",2017-05-01
"1651",91,2017,"June",45.0293,-122.7503,6.2321644,0,0,"non-V6",1,1,"non-R6",2017-06-01
"1652",91,2017,"July",45.0293,-122.7503,6.2321644,3,0,"non-V6",1,1,"non-R6",2017-07-01
"1653",92,2017,"April",45.0295,-122.7542,12.0596428,0,0,"non-V6",1,1,"non-R6",2017-04-01
"1654",92,2017,"May",45.0295,-122.7542,12.0596428,0,0,"non-V6",1,1,"non-R6",2017-05-01
"1655",92,2017,"June",45.0295,-122.7542,12.0596428,1,0,"non-V6",1,1,"non-R6",2017-06-01
"1656",92,2017,"July",45.0295,-122.7542,12.0596428,3,0,"non-V6",1,1,"non-R6",2017-07-01
"1657",93,2017,"April",45.0277,-122.7624,2.2662416,0,0,"non-V6",1,1,"non-R6",2017-04-01
"1658",93,2017,"May",45.0277,-122.7624,2.2662416,0,0,"non-V6",1,1,"non-R6",2017-05-01
"1659",93,2017,"June",45.0277,-122.7624,2.2662416,0,0,"non-V6",1,1,"non-R6",2017-06-01
"1660",93,2017,"July",45.0277,-122.7624,2.2662416,3,0,"non-V6",1,1,"non-R6",2017-07-01
"1661",94,2017,"April",45.0285,-122.7598,4.4110774,0,0,"non-V6",1,1,"non-R6",2017-04-01
"1662",94,2017,"May",45.0285,-122.7598,4.4110774,1,0,"non-V6",1,1,"non-R6",2017-05-01
"1663",94,2017,"June",45.0285,-122.7598,4.4110774,0,0,"non-V6",1,1,"non-R6",2017-06-01
"1664",94,2017,"July",45.0285,-122.7598,4.4110774,3,0,"non-V6",1,1,"non-R6",2017-07-01
"1665",95,2017,"April",45.029,-122.758,1.7401498,0,0,"V6",1,1,"non-R6",2017-04-01
"1666",95,2017,"May",45.029,-122.758,1.4973382,1,0,"V6",1,1,"non-R6",2017-05-01
"1667",95,2017,"June",45.029,-122.758,1.4973382,0,0,"V6",1,1,"non-R6",2017-06-01
"1668",95,2017,"July",45.029,-122.758,1.4973382,3,0.005,"V6",1,1,"non-R6",2017-07-01
"1669",96,2017,"April",45.0289,-122.7632,2.7923334,0,0,"V6",1,1,"non-R6",2017-04-01
"1670",96,2017,"May",45.0289,-122.7632,2.7923334,1,0,"V6",1,1,"non-R6",2017-05-01
"1671",96,2017,"June",45.0289,-122.7632,2.7923334,0,0,"V6",1,1,"non-R6",2017-06-01
"1672",96,2017,"July",45.0289,-122.7632,2.7923334,3,0.01,"V6",1,1,"non-R6",2017-07-01
"1673",97,2017,"April",45.0254,-122.7648,6.07029,0,0,"V6",1,1,"non-R6",2017-04-01
"1674",97,2017,"May",45.0254,-122.7648,6.07029,1,0,"V6",1,1,"non-R6",2017-05-01
"1675",97,2017,"June",45.0254,-122.7648,6.07029,0,0,"V6",1,1,"non-R6",2017-06-01
"1676",97,2017,"July",45.0254,-122.7648,6.07029,4,0.06,"V6",1,1,"non-R6",2017-07-01
"1677",98,2017,"April",45.0258,-122.7621,8.903092,0,0,"V6",1,1,"non-R6",2017-04-01
"1678",98,2017,"May",45.0258,-122.7621,8.903092,1,0,"V6",1,1,"non-R6",2017-05-01
"1679",98,2017,"June",45.0258,-122.7621,8.903092,0,0,"V6",1,1,"non-R6",2017-06-01
"1680",98,2017,"July",45.0258,-122.7621,8.903092,3,0.01,"V6",1,1,"non-R6",2017-07-01
"1681",99,2017,"April",45.0258,-122.7599,4.2896716,0,0,"V6",1,1,"non-R6",2017-04-01
"1682",99,2017,"May",45.0258,-122.7599,4.2896716,1,0,"V6",1,1,"non-R6",2017-05-01
"1683",99,2017,"June",45.0258,-122.7599,4.2896716,0,0.005,"V6",1,1,"non-R6",2017-06-01
"1684",99,2017,"July",45.0258,-122.7599,4.2896716,4,0.01,"V6",1,1,"non-R6",2017-07-01
"1685",100,2017,"April",45.0258,-122.7569,14.1235414,0,0,"V6",1,0,"R6",2017-04-01
"1686",100,2017,"May",45.0258,-122.7569,14.1235414,1,0.0025,"V6",1,0,"R6",2017-05-01
"1687",100,2017,"June",45.0258,-122.7569,14.1235414,0,0,"V6",1,0,"R6",2017-06-01
"1688",100,2017,"July",45.0258,-122.7569,14.1235414,4,0.22,"V6",1,0,"R6",2017-07-01
"1689",102,2017,"April",45.0279,-122.7664,12.6666718,0,0,"V6",1,1,"non-R6",2017-04-01
"1690",102,2017,"May",45.0279,-122.7664,12.6666718,1,0,"V6",1,1,"non-R6",2017-05-01
"1691",102,2017,"June",45.0279,-122.7664,12.6666718,0,0,"V6",1,1,"non-R6",2017-06-01
"1692",102,2017,"July",45.0279,-122.7664,12.6666718,4,0.015,"V6",1,1,"non-R6",2017-07-01
"1693",103,2017,"April",45.0289,-122.7684,10.319493,0,0,"non-V6",1,1,"non-R6",2017-04-01
"1694",103,2017,"May",45.0289,-122.7684,10.319493,0,0,"non-V6",1,1,"non-R6",2017-05-01
"1695",103,2017,"June",45.0289,-122.7684,10.319493,1,0,"non-V6",1,1,"non-R6",2017-06-01
"1696",103,2017,"July",45.0289,-122.7684,10.319493,3,0,"non-V6",1,1,"non-R6",2017-07-01
"1697",106,2017,"April",45.0735,-122.7338,4.5729518,0,0,"V6",1,1,"non-R6",2017-04-01
"1698",106,2017,"May",45.0735,-122.7338,4.5729518,1,0,"V6",1,1,"non-R6",2017-05-01
"1699",106,2017,"June",45.0735,-122.7338,4.5729518,1,0,"V6",1,1,"non-R6",2017-06-01
"1700",106,2017,"July",45.0735,-122.7338,4.5729518,3,0.025,"V6",1,1,"non-R6",2017-07-01
"1701",107,2017,"April",45.0394,-122.8026,8.7412176,0,0,"non-V6",1,0,"R6",2017-04-01
"1702",107,2017,"May",45.0394,-122.8026,8.7412176,0,0,"non-V6",1,0,"R6",2017-05-01
"1703",107,2017,"June",45.0394,-122.8026,8.7412176,1,0,"non-V6",1,0,"R6",2017-06-01
"1704",107,2017,"July",45.0394,-122.8026,8.7412176,3,0,"non-V6",1,0,"R6",2017-07-01
"1705",109,2017,"April",45.099,-122.9877,10.926522,0,0,"non-V6",1,1,"non-R6",2017-04-01
"1706",109,2017,"May",45.099,-122.9877,10.926522,1,0,"non-V6",1,1,"non-R6",2017-05-01
"1707",109,2017,"June",45.099,-122.9877,10.926522,1,0,"non-V6",1,1,"non-R6",2017-06-01
"1708",109,2017,"July",45.099,-122.9877,10.926522,3,0,"non-V6",1,1,"non-R6",2017-07-01
"1709",110,2017,"April",45.0975,-122.9804,12.2215172,0,0,"non-V6",1,1,"non-R6",2017-04-01
"1710",110,2017,"May",45.0975,-122.9804,12.2215172,0,0,"non-V6",1,1,"non-R6",2017-05-01
"1711",110,2017,"June",45.0975,-122.9804,12.2215172,3,0,"non-V6",1,1,"non-R6",2017-06-01
"1712",110,2017,"July",45.0975,-122.9804,12.2215172,2,0,"non-V6",1,1,"non-R6",2017-07-01
"1713",111,2017,"April",45.0431,-123.0085,4.451546,0,0,"V6",1,1,"non-R6",2017-04-01
"1714",111,2017,"May",45.0431,-123.0085,4.451546,0,0,"V6",1,1,"non-R6",2017-05-01
"1715",111,2017,"June",45.0431,-123.0085,4.451546,1,0,"V6",1,1,"non-R6",2017-06-01
"1716",111,2017,"July",45.0431,-123.0085,4.451546,1,0.27,"V6",1,1,"non-R6",2017-07-01
"1717",112,2017,"April",45.0444,-123.005,6.8391934,0,0,"V6",1,1,"non-R6",2017-04-01
"1718",112,2017,"May",45.0444,-123.005,6.8391934,0,0,"V6",1,1,"non-R6",2017-05-01
"1719",112,2017,"June",45.0444,-123.005,6.8391934,1,0,"V6",1,1,"non-R6",2017-06-01
"1720",112,2017,"July",45.0444,-123.005,6.8391934,2,0.19,"V6",1,1,"non-R6",2017-07-01
"1721",113,2017,"April",45.0486,-123.0019,5.0181064,0,0,"V6",1,1,"non-R6",2017-04-01
"1722",113,2017,"May",45.0486,-123.0019,5.0181064,0,0,"V6",1,1,"non-R6",2017-05-01
"1723",113,2017,"June",45.0486,-123.0019,5.0181064,0,0,"V6",1,1,"non-R6",2017-06-01
"1724",113,2017,"July",45.0486,-123.0019,5.0181064,0,0.01,"V6",1,1,"non-R6",2017-07-01
"1725",114,2017,"April",45.0467,-123.0019,3.844517,0,0,"V6",1,1,"non-R6",2017-04-01
"1726",114,2017,"May",45.0467,-123.0019,3.844517,0,0,"V6",1,1,"non-R6",2017-05-01
"1727",114,2017,"June",45.0467,-123.0019,3.844517,0,0,"V6",1,1,"non-R6",2017-06-01
"1728",114,2017,"July",45.0467,-123.0019,3.844517,0,0.83,"V6",1,1,"non-R6",2017-07-01
"1729",115,2017,"April",45.0487,-122.997,7.5676282,0,0,"non-V6",1,0,"R6",2017-04-01
"1730",115,2017,"May",45.0487,-122.997,7.5676282,0,0,"non-V6",1,0,"R6",2017-05-01
"1731",115,2017,"June",45.0487,-122.997,7.5676282,1,0,"non-V6",1,0,"R6",2017-06-01
"1732",115,2017,"July",45.0487,-122.997,7.5676282,1,0,"non-V6",1,0,"R6",2017-07-01
"1733",116,2017,"April",45.047,-122.9971,8.296063,0,0,"V6",1,1,"non-R6",2017-04-01
"1734",116,2017,"May",45.047,-122.9971,8.296063,0,0,"V6",1,1,"non-R6",2017-05-01
"1735",116,2017,"June",45.047,-122.9971,8.296063,0,0,"V6",1,1,"non-R6",2017-06-01
"1736",116,2017,"July",45.047,-122.9971,8.296063,2,0.005,"V6",1,1,"non-R6",2017-07-01
"1737",117,2017,"April",45.0473,-122.9917,7.9723142,0,0,"non-V6",1,0,"R6",2017-04-01
"1738",117,2017,"May",45.0473,-122.9917,7.9723142,0,0,"non-V6",1,0,"R6",2017-05-01
"1739",117,2017,"June",45.0473,-122.9917,7.9723142,1,0,"non-V6",1,0,"R6",2017-06-01
"1740",117,2017,"July",45.0473,-122.9917,7.9723142,0,0,"non-V6",1,0,"R6",2017-07-01
"1741",118,2017,"April",45.0489,-122.9907,1.3354638,0,0,"non-V6",1,1,"non-R6",2017-04-01
"1742",118,2017,"May",45.0489,-122.9907,1.3354638,0,0,"non-V6",1,1,"non-R6",2017-05-01
"1743",118,2017,"June",45.0489,-122.9907,1.3354638,0,0,"non-V6",1,1,"non-R6",2017-06-01
"1744",118,2017,"July",45.0489,-122.9907,1.3354638,0,0,"non-V6",1,1,"non-R6",2017-07-01
"1745",120,2017,"April",45.0475,-123.0019,1.4973382,0,0,"non-V6",1,1,"non-R6",2017-04-01
"1746",120,2017,"May",45.0475,-123.0019,1.4973382,0,0,"non-V6",1,1,"non-R6",2017-05-01
"1747",120,2017,"June",45.0475,-123.0019,1.4973382,0,0,"non-V6",1,1,"non-R6",2017-06-01
"1748",120,2017,"July",45.0475,-123.0019,1.4973382,0,0,"non-V6",1,1,"non-R6",2017-07-01
"1749",121,2017,"April",45.0526,-123.007,13.3141694,0,0,"non-V6",1,1,"non-R6",2017-04-01
"1750",121,2017,"May",45.0526,-123.007,13.3141694,0,0,"non-V6",1,1,"non-R6",2017-05-01
"1751",121,2017,"June",45.0526,-123.007,13.3141694,1,0,"non-V6",1,1,"non-R6",2017-06-01
"1752",121,2017,"July",45.0526,-123.007,13.3141694,1,0,"non-V6",1,1,"non-R6",2017-07-01
"1753",123,2017,"April",45.1889,-122.7755,6.1107586,0,0,"V6",1,1,"non-R6",2017-04-01
"1754",123,2017,"May",45.1889,-122.7755,6.1107586,1,0,"V6",1,1,"non-R6",2017-05-01
"1755",123,2017,"June",45.1889,-122.7755,6.1107586,2,0,"V6",1,1,"non-R6",2017-06-01
"1756",123,2017,"July",45.1889,-122.7755,6.1107586,2,0.245,"V6",1,1,"non-R6",2017-07-01
"1757",124,2017,"April",45.1906,-122.7753,6.0298214,0,0,"V6",1,1,"non-R6",2017-04-01
"1758",124,2017,"May",45.1906,-122.7753,6.0298214,1,0,"V6",1,1,"non-R6",2017-05-01
"1759",124,2017,"June",45.1906,-122.7753,6.0298214,2,0,"V6",1,1,"non-R6",2017-06-01
"1760",124,2017,"July",45.1906,-122.7753,6.0298214,2,0.015,"V6",1,1,"non-R6",2017-07-01
"1761",125,2017,"April",45.193,-122.7746,6.3131016,0,0,"V6",1,0,"R6",2017-04-01
"1762",125,2017,"May",45.193,-122.7746,6.3131016,1,0,"V6",1,0,"R6",2017-05-01
"1763",125,2017,"June",45.193,-122.7746,6.3131016,2,0.01,"V6",1,0,"R6",2017-06-01
"1764",125,2017,"July",45.193,-122.7746,6.3131016,3,0.12,"V6",1,0,"R6",2017-07-01
"1765",126,2017,"April",45.1964,-122.7797,6.272633,0,0,"non-V6",1,1,"non-R6",2017-04-01
"1766",126,2017,"May",45.1964,-122.7797,6.272633,1,0,"non-V6",1,1,"non-R6",2017-05-01
"1767",126,2017,"June",45.1964,-122.7797,6.272633,2,0,"non-V6",1,1,"non-R6",2017-06-01
"1768",126,2017,"July",45.1964,-122.7797,6.272633,2,0,"non-V6",1,1,"non-R6",2017-07-01
"1769",127,2017,"April",45.1931,-122.7852,10.6837104,0,0.0025,"V6",1,1,"non-R6",2017-04-01
"1770",127,2017,"May",45.1931,-122.7852,10.6837104,1,0,"V6",1,1,"non-R6",2017-05-01
"1771",127,2017,"June",45.1931,-122.7852,10.6837104,2,0.015,"V6",1,1,"non-R6",2017-06-01
"1772",127,2017,"July",45.1931,-122.7852,10.6837104,3,0.035,"V6",1,1,"non-R6",2017-07-01
"1773",128,2017,"April",45.1898,-122.7861,8.3770002,0,0,"V6",1,1,"non-R6",2017-04-01
"1774",128,2017,"May",45.1898,-122.7861,8.3770002,1,0,"V6",1,1,"non-R6",2017-05-01
"1775",128,2017,"June",45.1898,-122.7861,8.3770002,2,0.005,"V6",1,1,"non-R6",2017-06-01
"1776",128,2017,"July",45.1898,-122.7861,8.3770002,2,0,"V6",1,1,"non-R6",2017-07-01
"1777",129,2017,"April",45.1962,-122.7851,9.9552756,0,0,"V6",1,0,"R6",2017-04-01
"1778",129,2017,"May",45.1962,-122.7851,9.9552756,1,0,"V6",1,0,"R6",2017-05-01
"1779",129,2017,"June",45.1962,-122.7851,9.9552756,2,0.045,"V6",1,0,"R6",2017-06-01
"1780",129,2017,"July",45.1962,-122.7851,9.9552756,3,0.24,"V6",1,0,"R6",2017-07-01
"1781",132,2017,"April",45.1905,-122.7928,4.8157634,0,0,"V6",1,1,"non-R6",2017-04-01
"1782",132,2017,"May",45.1905,-122.7928,4.8157634,1,0,"V6",1,1,"non-R6",2017-05-01
"1783",132,2017,"June",45.1905,-122.7928,4.8157634,2,0.01,"V6",1,1,"non-R6",2017-06-01
"1784",132,2017,"July",45.1905,-122.7928,4.8157634,2,0.005,"V6",1,1,"non-R6",2017-07-01
"1785",133,2017,"April",45.1897,-122.7802,14.6091646,0,0,"V6",1,0,"R6",2017-04-01
"1786",133,2017,"May",45.1897,-122.7802,14.6091646,1,0,"V6",1,0,"R6",2017-05-01
"1787",133,2017,"June",45.1897,-122.7802,14.6091646,2,0.015,"V6",1,0,"R6",2017-06-01
"1788",133,2017,"July",45.1897,-122.7802,14.6091646,3,0.265,"V6",1,0,"R6",2017-07-01
"1789",134,2017,"April",45.1986,-122.78,14.0426042,0,0,"V6",1,1,"non-R6",2017-04-01
"1790",134,2017,"May",45.1986,-122.78,14.0426042,1,0,"V6",1,1,"non-R6",2017-05-01
"1791",134,2017,"June",45.1986,-122.78,14.0426042,2,0,"V6",1,1,"non-R6",2017-06-01
"1792",134,2017,"July",45.1986,-122.78,14.0426042,2,0.1,"V6",1,1,"non-R6",2017-07-01
"1793",135,2017,"April",45.1883,-122.791,10.5623046,0,0,"non-V6",1,1,"non-R6",2017-04-01
"1794",135,2017,"May",45.1883,-122.791,10.5623046,1,0,"non-V6",1,1,"non-R6",2017-05-01
"1795",135,2017,"June",45.1883,-122.791,10.5623046,2,0,"non-V6",1,1,"non-R6",2017-06-01
"1796",135,2017,"July",45.1883,-122.791,10.5623046,2,0,"non-V6",1,1,"non-R6",2017-07-01
"1797",136,2017,"April",45.1865,-122.7907,8.296063,0,0,"V6",1,0,"R6",2017-04-01
"1798",136,2017,"May",45.1865,-122.7907,8.296063,1,0,"V6",1,0,"R6",2017-05-01
"1799",136,2017,"June",45.1865,-122.7907,8.296063,2,0.005,"V6",1,0,"R6",2017-06-01
"1800",136,2017,"July",45.1865,-122.7907,8.296063,3,0,"V6",1,0,"R6",2017-07-01
