field_id,1,2,3,4,5,7,8,9,10,11,12,13,14,15,16,17,18,19,20,21,22,24,25,26,27,28,29,30,31,32,33,34,35,36,37,38,39,40,41,42,43,44,45,46,47,48,49,50,51,52,53,54,55,57,58,59,60,61,63,64,65,66,67,68,69,70,71,72,73,74,75,76,77,78,79,80,81,82,83,85,86,87,88,90,91,92,93,94,95,96,97,98,99,100,102,103,106,107,109,110,111,112,113,114,115,116,117,118,120,121,123,124,125,126,127,128,129,132,133,134,135,136
1,0.0,0.0,0.0,0.0,0.0,0.0,0.0,0.0,0.0,0.0,0.0,0.0,0.0,0.0,0.0,0.0,0.0,0.0,0.0,0.0,0.0008970436472042274,0.0,0.0004103977625737671,0.0,2.9489984770786836e-05,0.0,0.0,3.379060083559603e-05,0.00016515591455584566,1.2581352435219726e-05,8.524370252385061e-05,9.883427272415744e-07,0.0,0.0,0.0,0.0,0.0,0.0,0.0,0.0,0.0,0.0,0.0,0.0,0.0,0.0,0.0,0.0,0.0,0.0,0.0,0.0,0.0,0.0,0.0,0.0,0.0,0.0,0.00010346071343391546,0.0,0.0,0.0,1.2300194800544706e-06,6.019457782017257e-06,1.8666511180607042e-07,1.7222601204564662e-06,0.0,0.0,0.0,0.0,0.0,0.0,0.0,0.0,0.0,0.0,0.0,0.0,0.0,0.0,0.0,0.0,0.0,0.0,0.0,0.0,0.0,0.0,0.0,0.0,0.0,0.0,5.899449125846435e-05,0.0,0.0,0.0,0.0,0.0,0.0,0.0,0.0,0.0,0.0,0.0,0.0,0.0,0.0,0.0,0.0,0.0,0.0,0.0,1.685121358089148e-06,0.0,3.869812753390042e-06,1.0498303944499338e-06,1.0416460004961316e-05,1.1563314430676187e-06,5.937509015700638e-06,0.0,0.0,1.0479751179789363e-06
2,0.0,0.0,0.0,0.0,0.0,0.0,0.0,0.0,0.0,0.0,0.0,0.0,0.0,0.0,0.0,0.0,0.0,0.0,0.0,0.0,0.0008182213963763634,0.0,0.00035883762882638564,0.0,2.6009445796070893e-05,0.0,0.0,3.0960438016113446e-05,0.00014939192788655632,1.134133719075315e-05,7.654144233066305e-05,8.97033200520801e-07,0.0,0.0,0.0,0.0,0.0,0.0,0.0,0.0,0.0,0.0,0.0,0.0,0.0,0.0,0.0,0.0,0.0,0.0,0.0,0.0,0.0,0.0,0.0,0.0,0.0,0.0,0.00010152187928108304,0.0,0.0,0.0,1.2120782807759565e-06,5.916602170592658e-06,1.8380114960864503e-07,1.6898482240500136e-06,0.0,0.0,0.0,0.0,0.0,0.0,0.0,0.0,0.0,0.0,0.0,0.0,0.0,0.0,0.0,0.0,0.0,0.0,0.0,0.0,0.0,0.0,0.0,0.0,0.0,0.0,5.891813967411188e-05,0.0,0.0,0.0,0.0,0.0,0.0,0.0,0.0,0.0,0.0,0.0,0.0,0.0,0.0,0.0,0.0,0.0,0.0,0.0,1.6599068595362335e-06,0.0,3.801812099370019e-06,1.0314818644593318e-06,1.0235726960362553e-05,1.1395440574955428e-06,5.830146355488434e-06,0.0,0.0,1.0317174987712127e-06
3,0.0,0.0,0.0,0.0,0.0,0.0,0.0,0.0,0.0,0.0,0.0,0.0,0.0,0.0,0.0,0.0,0.0,0.0,0.0,0.0,0.0009148286605737227,0.0,0.00042127111596655117,0.0,3.0283094358525477e-05,0.0,0.0,3.44303908962429e-05,0.00016863854842002845,1.285641317465665e-05,8.715254326097312e-05,1.0091925928529796e-06,0.0,0.0,0.0,0.0,0.0,0.0,0.0,0.0,0.0,0.0,0.0,0.0,0.0,0.0,0.0,0.0,0.0,0.0,0.0,0.0,0.0,0.0,0.0,0.0,0.0,0.0,0.00010397643473082176,0.0,0.0,0.0,1.2351665769475566e-06,6.047842317557508e-06,1.8747299181954754e-07,1.730795118602194e-06,0.0,0.0,0.0,0.0,0.0,0.0,0.0,0.0,0.0,0.0,0.0,0.0,0.0,0.0,0.0,0.0,0.0,0.0,0.0,0.0,0.0,0.0,0.0,0.0,0.0,0.0,5.837582184874673e-05,0.0,0.0,0.0,0.0,0.0,0.0,0.0,0.0,0.0,0.0,0.0,0.0,0.0,0.0,0.0,0.0,0.0,0.0,0.0,1.6923865978503896e-06,0.0,3.8878436734134815e-06,1.054738848677551e-06,1.0464293398796733e-05,1.1611404106711453e-06,5.967874167915483e-06,0.0,0.0,1.0525568217085696e-06
4,0.0,0.0,0.0,0.0,0.0,0.0,0.0,0.0,0.0,0.0,0.0,0.0,0.0,0.0,0.0,0.0,0.0,0.0,0.0,0.0,0.0008983418327804663,0.0,0.00040773778776305686,0.0,2.9517083373694784e-05,0.0,0.0,3.384723512350848e-05,0.00016494721673350227,1.2577676725565234e-05,8.512338319166676e-05,9.905761322055996e-07,0.0,0.0,0.0,0.0,0.0,0.0,0.0,0.0,0.0,0.0,0.0,0.0,0.0,0.0,0.0,0.0,0.0,0.0,0.0,0.0,0.0,0.0,0.0,0.0,0.0,0.0,0.00010376466218900683,0.0,0.0,0.0,1.2338978248059193e-06,6.038599188922357e-06,1.8724526616953853e-07,1.7270782996321783e-06,0.0,0.0,0.0,0.0,0.0,0.0,0.0,0.0,0.0,0.0,0.0,0.0,0.0,0.0,0.0,0.0,0.0,0.0,0.0,0.0,0.0,0.0,0.0,0.0,0.0,0.0,5.770269121958532e-05,0.0,0.0,0.0,0.0,0.0,0.0,0.0,0.0,0.0,0.0,0.0,0.0,0.0,0.0,0.0,0.0,0.0,0.0,0.0,1.6906926979816494e-06,0.0,3.880483899931476e-06,1.0528448573009416e-06,1.0444490741586311e-05,1.1600197995517827e-06,5.952718168433356e-06,0.0,0.0,1.0513388827611589e-06
5,0.0,0.0,0.0,0.0,0.0,0.0,0.0,0.0,0.0,0.0,0.0,0.0,0.0,0.0,0.0,0.0,0.0,0.0,0.0,0.0,0.0008160734165903401,0.0,0.00037239874096482137,0.0,2.606465631081834e-05,0.0,0.0,3.0836911112440066e-05,0.00015083073621049618,1.14117292337175e-05,7.743175620175285e-05,8.916658680891153e-07,0.0,0.0,0.0,0.0,0.0,0.0,0.0,0.0,0.0,0.0,0.0,0.0,0.0,0.0,0.0,0.0,0.0,0.0,0.0,0.0,0.0,0.0,0.0,0.0,0.0,0.0,0.0001000693195111487,0.0,0.0,0.0,1.193163144066897e-06,5.824358756025338e-06,1.809816096936972e-07,1.6668461212561317e-06,0.0,0.0,0.0,0.0,0.0,0.0,0.0,0.0,0.0,0.0,0.0,0.0,0.0,0.0,0.0,0.0,0.0,0.0,0.0,0.0,0.0,0.0,0.0,0.0,0.0,0.0,6.640513253198923e-05,0.0,0.0,0.0,0.0,0.0,0.0,0.0,0.0,0.0,0.0,0.0,0.0,0.0,0.0,0.0,0.0,0.0,0.0,0.0,1.6327969299443361e-06,0.0,3.750794225921829e-06,1.0170580324363208e-06,1.0101582416846209e-05,1.1216277926547488e-06,5.746889887338674e-06,0.0,0.0,1.015458697660138e-06
7,0.0,0.0,0.0,0.0,0.0,0.0,0.0,0.0,0.0,0.0,0.0,0.0,0.0,0.0,0.0,0.0,0.0,0.0,0.0,0.0,0.0009142655711857842,0.0,0.0004285719129095536,0.0,3.030986720822531e-05,0.0,0.0,3.438993853454095e-05,0.00016956576555236412,1.2899309167170692e-05,8.768032245144215e-05,1.0068412729355335e-06,0.0,0.0,0.0,0.0,0.0,0.0,0.0,0.0,0.0,0.0,0.0,0.0,0.0,0.0,0.0,0.0,0.0,0.0,0.0,0.0,0.0,0.0,0.0,0.0,0.0,0.0,0.0001034319730075913,0.0,0.0,0.0,1.228023355547454e-06,6.012939616995305e-06,1.864096938906187e-07,1.7222270803944276e-06,0.0,0.0,0.0,0.0,0.0,0.0,0.0,0.0,0.0,0.0,0.0,0.0,0.0,0.0,0.0,0.0,0.0,0.0,0.0,0.0,0.0,0.0,0.0,0.0,0.0,0.0,6.056910882348093e-05,0.0,0.0,0.0,0.0,0.0,0.0,0.0,0.0,0.0,0.0,0.0,0.0,0.0,0.0,0.0,0.0,0.0,0.0,0.0,1.6820913415093338e-06,0.0,3.86876844814467e-06,1.0493184770922146e-06,1.0414295820478448e-05,1.1543347811922356e-06,5.941351899517075e-06,0.0,0.0,1.0463723162494641e-06
8,0.0,0.0,0.0,0.0,0.0,0.0,0.0,0.0,0.0,0.0,0.0,0.0,0.0,0.0,0.0,0.0,0.0,0.0,0.0,0.0,0.0008962514542710853,0.0,0.0003869526267554164,0.0,2.9180381379003965e-05,0.0,0.0,3.383568530840636e-05,0.00016232674655151642,1.2413167661678374e-05,8.341042422186388e-05,9.916520388841686e-07,0.0,0.0,0.0,0.0,0.0,0.0,0.0,0.0,0.0,0.0,0.0,0.0,0.0,0.0,0.0,0.0,0.0,0.0,0.0,0.0,0.0,0.0,0.0,0.0,0.0,0.0,0.00010543926412993796,0.0,0.0,0.0,1.2559410665039872e-06,6.145798134037397e-06,1.9052506777798248e-07,1.7535036909786367e-06,0.0,0.0,0.0,0.0,0.0,0.0,0.0,0.0,0.0,0.0,0.0,0.0,0.0,0.0,0.0,0.0,0.0,0.0,0.0,0.0,0.0,0.0,0.0,0.0,0.0,0.0,5.050461203704172e-05,0.0,0.0,0.0,0.0,0.0,0.0,0.0,0.0,0.0,0.0,0.0,0.0,0.0,0.0,0.0,0.0,0.0,0.0,0.0,1.7223641509453603e-06,0.0,3.939610388045936e-06,1.0696115897520796e-06,1.0599735397810657e-05,1.1810617247976332e-06,6.052778695500002e-06,0.0,0.0,1.0704216403303967e-06
9,0.0,0.0,0.0,0.0,0.0,0.0,0.0,0.0,0.0,0.0,0.0,0.0,0.0,0.0,0.0,0.0,0.0,0.0,0.0,0.0,0.0008199978761523505,0.0,0.0003636815565544151,0.0,2.612968953564004e-05,0.0,0.0,3.10122047791132e-05,0.0001501651295478343,1.1395250105952677e-05,7.701674320943481e-05,8.984194237248959e-07,0.0,0.0,0.0,0.0,0.0,0.0,0.0,0.0,0.0,0.0,0.0,0.0,0.0,0.0,0.0,0.0,0.0,0.0,0.0,0.0,0.0,0.0,0.0,0.0,0.0,0.0,0.00010119705606325915,0.0,0.0,0.0,1.20764257235191e-06,5.895424077763692e-06,1.831452712124656e-07,1.6847474477083444e-06,0.0,0.0,0.0,0.0,0.0,0.0,0.0,0.0,0.0,0.0,0.0,0.0,0.0,0.0,0.0,0.0,0.0,0.0,0.0,0.0,0.0,0.0,0.0,0.0,0.0,0.0,6.088313859681727e-05,0.0,0.0,0.0,0.0,0.0,0.0,0.0,0.0,0.0,0.0,0.0,0.0,0.0,0.0,0.0,0.0,0.0,0.0,0.0,1.6535413543173549e-06,0.0,3.7903732097922768e-06,1.0282256125517703e-06,1.0205687946480721e-05,1.1353341095669284e-06,5.804144872471116e-06,0.0,0.0,1.0279275489019697e-06
10,0.0,0.0,0.0,0.0,0.0,0.0,0.0,0.0,0.0,0.0,0.0,0.0,0.0,0.0,0.0,0.0,0.0,0.0,0.0,0.0,0.000814226351905171,0.0,0.00037518890318578786,0.0,2.6013472930803744e-05,0.0,0.0,3.075927213098942e-05,0.00015100927749044758,1.1409897415617833e-05,7.755389754005074e-05,8.886882473556782e-07,0.0,0.0,0.0,0.0,0.0,0.0,0.0,0.0,0.0,0.0,0.0,0.0,0.0,0.0,0.0,0.0,0.0,0.0,0.0,0.0,0.0,0.0,0.0,0.0,0.0,0.0,9.968436868155241e-05,0.0,0.0,0.0,1.1882466178209476e-06,5.800153098842479e-06,1.8024628330320628e-07,1.6607348156960072e-06,0.0,0.0,0.0,0.0,0.0,0.0,0.0,0.0,0.0,0.0,0.0,0.0,0.0,0.0,0.0,0.0,0.0,0.0,0.0,0.0,0.0,0.0,0.0,0.0,0.0,0.0,6.824898743472248e-05,0.0,0.0,0.0,0.0,0.0,0.0,0.0,0.0,0.0,0.0,0.0,0.0,0.0,0.0,0.0,0.0,0.0,0.0,0.0,1.6257492328783368e-06,0.0,3.7373259179109578e-06,1.013258511940808e-06,1.0066165670760839e-05,1.116981711650063e-06,5.727697391077813e-06,0.0,0.0,1.0112268999861717e-06
11,0.0,0.0,0.0,0.0,0.0,0.0,0.0,0.0,0.0,0.0,0.0,0.0,0.0,0.0,0.0,0.0,0.0,0.0,0.0,0.0,0.006598029692027132,0.0,0.0016437315577219971,0.0,0.0004909206006105083,0.0,0.0,0.00022234567895705823,0.0009913161320995393,9.786177327802869e-05,0.000565674559478804,1.018745104573465e-05,0.0,0.0,0.0,0.0,0.0,0.0,0.0,0.0,0.0,0.0,0.0,0.0,0.0,0.0,0.0,0.0,0.0,0.0,0.0,0.0,0.0,0.0,0.0,0.0,0.0,0.0,0.00016708129004585625,0.0,0.0,0.0,1.9174692384428206e-06,9.713374039608558e-06,2.92693943321482e-07,2.750094026652012e-06,0.0,0.0,0.0,0.0,0.0,0.0,0.0,0.0,0.0,0.0,0.0,0.0,0.0,0.0,0.0,0.0,0.0,0.0,0.0,0.0,0.0,0.0,0.0,0.0,0.0,0.0,1.2097152025593775e-05,0.0,0.0,0.0,0.0,0.0,0.0,0.0,0.0,0.0,0.0,0.0,0.0,0.0,0.0,0.0,0.0,0.0,0.0,0.0,2.6790711862484557e-06,0.0,5.981970305931269e-06,1.632140914225768e-06,1.597730516031568e-05,1.7497921843558934e-06,9.425578138429358e-06,0.0,0.0,1.6130544750601489e-06
12,0.0,0.0,0.0,0.0,0.0,0.0,0.0,0.0,0.0,0.0,0.0,0.0,0.0,0.0,0.0,0.0,0.0,0.0,0.0,0.0,0.007540476245637501,0.0,0.0015431259809145286,0.0,0.00036554186798287805,0.0,0.0,0.00025298372591480984,0.0010512272306469604,0.0001058850531351114,0.0005902909797465126,1.2246719219913066e-05,0.0,0.0,0.0,0.0,0.0,0.0,0.0,0.0,0.0,0.0,0.0,0.0,0.0,0.0,0.0,0.0,0.0,0.0,0.0,0.0,0.0,0.0,0.0,0.0,0.0,0.0,0.00017236969144238115,0.0,0.0,0.0,1.973823745557563e-06,1.0025219891501056e-05,3.013896768312208e-07,2.8401670569563475e-06,0.0,0.0,0.0,0.0,0.0,0.0,0.0,0.0,0.0,0.0,0.0,0.0,0.0,0.0,0.0,0.0,0.0,0.0,0.0,0.0,0.0,0.0,0.0,0.0,0.0,0.0,1.1511547135791726e-05,0.0,0.0,0.0,0.0,0.0,0.0,0.0,0.0,0.0,0.0,0.0,0.0,0.0,0.0,0.0,0.0,0.0,0.0,0.0,2.761896034128565e-06,0.0,6.168399298831637e-06,1.6844395198012462e-06,1.6462704876060317e-05,1.80534450381981e-06,9.727007723541418e-06,0.0,0.0,1.6661839226956177e-06
13,0.0,0.0,0.0,0.0,0.0,0.0,0.0,0.0,0.0,0.0,0.0,0.0,0.0,0.0,0.0,0.0,0.0,0.0,0.0,0.0,0.012805466244387961,0.0,0.001445729060185283,0.0,0.00024606615268335725,0.0,0.0,0.0004189530076203054,0.0014450978937405818,0.00015419135059621826,0.0007581324117677092,2.3671092492736266e-05,0.0,0.0,0.0,0.0,0.0,0.0,0.0,0.0,0.0,0.0,0.0,0.0,0.0,0.0,0.0,0.0,0.0,0.0,0.0,0.0,0.0,0.0,0.0,0.0,0.0,0.0,0.0001875203505015427,0.0,0.0,0.0,2.1281048751607567e-06,1.0892786046897086e-05,3.25450204922925e-07,3.0769217944713787e-06,0.0,0.0,0.0,0.0,0.0,0.0,0.0,0.0,0.0,0.0,0.0,0.0,0.0,0.0,0.0,0.0,0.0,0.0,0.0,0.0,0.0,0.0,0.0,0.0,0.0,0.0,9.765700801493443e-06,0.0,0.0,0.0,0.0,0.0,0.0,0.0,0.0,0.0,0.0,0.0,0.0,0.0,0.0,0.0,0.0,0.0,0.0,0.0,2.988426121206577e-06,0.0,6.6320073059025e-06,1.8127961715658513e-06,1.7675247982259357e-05,1.9323943615162417e-06,1.0511652151509754e-05,0.0,0.0,1.7890906603957005e-06
14,0.0,0.0,0.0,0.0,0.0,0.0,0.0,0.0,0.0,0.0,0.0,0.0,0.0,0.0,0.0,0.0,0.0,0.0,0.0,0.0,0.013190640178851331,0.0,0.0016490764582886516,0.0,0.0002802238223471349,0.0,0.0,0.00041471226404753814,0.0016136331017803209,0.0001805517449421205,0.0008864411221425904,2.6907075727552726e-05,0.0,0.0,0.0,0.0,0.0,0.0,0.0,0.0,0.0,0.0,0.0,0.0,0.0,0.0,0.0,0.0,0.0,0.0,0.0,0.0,0.0,0.0,0.0,0.0,0.0,0.0,0.0001834210839237107,0.0,0.0,0.0,2.08172478607678e-06,1.0636370694751787e-05,3.184021667684846e-07,3.013738651763346e-06,0.0,0.0,0.0,0.0,0.0,0.0,0.0,0.0,0.0,0.0,0.0,0.0,0.0,0.0,0.0,0.0,0.0,0.0,0.0,0.0,0.0,0.0,0.0,0.0,0.0,0.0,9.823868879701409e-06,0.0,0.0,0.0,0.0,0.0,0.0,0.0,0.0,0.0,0.0,0.0,0.0,0.0,0.0,0.0,0.0,0.0,0.0,0.0,2.919069822705153e-06,0.0,6.451835211551172e-06,1.761018459370423e-06,1.7212015811201023e-05,1.87284983302323e-06,1.02361383749158e-05,0.0,0.0,1.7323433481208937e-06
15,0.0,0.0,0.0,0.0,0.0,0.0,0.0,0.0,0.0,0.0,0.0,0.0,0.0,0.0,0.0,0.0,0.0,0.0,0.0,0.0,0.008676899982840299,0.0,0.0015065392834111475,0.0,0.00033033427197865346,0.0,0.0,0.00028920317630878845,0.0011452834944908569,0.00011774105931033262,0.0006334682946162908,1.4725553861870256e-05,0.0,0.0,0.0,0.0,0.0,0.0,0.0,0.0,0.0,0.0,0.0,0.0,0.0,0.0,0.0,0.0,0.0,0.0,0.0,0.0,0.0,0.0,0.0,0.0,0.0,0.0,0.00017685260293263708,0.0,0.0,0.0,2.020205153245803e-06,1.0284314117021941e-05,3.085970863442603e-07,2.912093091223307e-06,0.0,0.0,0.0,0.0,0.0,0.0,0.0,0.0,0.0,0.0,0.0,0.0,0.0,0.0,0.0,0.0,0.0,0.0,0.0,0.0,0.0,0.0,0.0,0.0,0.0,0.0,1.0964835237971167e-05,0.0,0.0,0.0,0.0,0.0,0.0,0.0,0.0,0.0,0.0,0.0,0.0,0.0,0.0,0.0,0.0,0.0,0.0,0.0,2.8299764509456622e-06,0.0,6.312258771550992e-06,1.724444409687156e-06,1.6838450850998286e-05,1.8459611825943808e-06,9.966644727351541e-06,0.0,0.0,1.7053055391975862e-06
16,0.0,0.0,0.0,0.0,0.0,0.0,0.0,0.0,0.0,0.0,0.0,0.0,0.0,0.0,0.0,0.0,0.0,0.0,0.0,0.0,0.0009009134866275409,0.0,0.0004004900682782332,0.0,2.9538053157913757e-05,0.0,0.0,3.396667500363119e-05,0.00016444456007358175,1.2555891458995517e-05,8.473136983765682e-05,9.95306380939868e-07,0.0,0.0,0.0,0.0,0.0,0.0,0.0,0.0,0.0,0.0,0.0,0.0,0.0,0.0,0.0,0.0,0.0,0.0,0.0,0.0,0.0,0.0,0.0,0.0,0.0,0.0,0.00010456184672113558,0.0,0.0,0.0,1.2441079660268217e-06,6.08887983911501e-06,1.8877162625184286e-07,1.7397141805053522e-06,0.0,0.0,0.0,0.0,0.0,0.0,0.0,0.0,0.0,0.0,0.0,0.0,0.0,0.0,0.0,0.0,0.0,0.0,0.0,0.0,0.0,0.0,0.0,0.0,0.0,0.0,5.429451760413441e-05,0.0,0.0,0.0,0.0,0.0,0.0,0.0,0.0,0.0,0.0,0.0,0.0,0.0,0.0,0.0,0.0,0.0,0.0,0.0,1.7053541696637806e-06,0.0,3.90853660491941e-06,1.0607704404664841e-06,1.0518192287815231e-05,1.1697424816418244e-06,5.992596442261088e-06,0.0,0.0,1.0601983011775043e-06
17,0.0,0.0,0.0,0.0,0.0,0.0,0.0,0.0,0.0,0.0,0.0,0.0,0.0,0.0,0.0,0.0,0.0,0.0,0.0,0.0,0.00048772774886694234,0.0,0.0013372797528246124,0.0,2.4047793487877396e-05,0.0,0.0,2.1156550765830592e-05,0.00016817797782195685,7.853690845229734e-06,7.614602599484061e-05,5.419048205355207e-07,0.0,0.0,0.0,0.0,0.0,0.0,0.0,0.0,0.0,0.0,0.0,0.0,0.0,0.0,0.0,0.0,0.0,0.0,0.0,0.0,0.0,0.0,0.0,0.0,0.0,0.0,0.00012159510571447558,0.0,0.0,0.0,1.4086490870405486e-06,6.884786865707741e-06,2.1532150877961986e-07,2.0498772947920513e-06,0.0,0.0,0.0,0.0,0.0,0.0,0.0,0.0,0.0,0.0,0.0,0.0,0.0,0.0,0.0,0.0,0.0,0.0,0.0,0.0,0.0,0.0,0.0,0.0,0.0,0.0,9.189304659000465e-06,0.0,0.0,0.0,0.0,0.0,0.0,0.0,0.0,0.0,0.0,0.0,0.0,0.0,0.0,0.0,0.0,0.0,0.0,0.0,1.920128565451701e-06,0.0,4.025760319875857e-06,1.0722733675961572e-06,1.0934070287201346e-05,1.1175768552923343e-06,6.43166300258884e-06,0.0,0.0,1.0131398312562207e-06
18,0.0,0.0,0.0,0.0,0.0,0.0,0.0,0.0,0.0,0.0,0.0,0.0,0.0,0.0,0.0,0.0,0.0,0.0,0.0,0.0,0.0004757981917619504,0.0,0.002328338069573468,0.0,2.9388285132544146e-05,0.0,0.0,2.1594431224356262e-05,0.00018229668853068595,9.259256952307936e-06,7.48939663758809e-05,7.363451728209979e-07,0.0,0.0,0.0,0.0,0.0,0.0,0.0,0.0,0.0,0.0,0.0,0.0,0.0,0.0,0.0,0.0,0.0,0.0,0.0,0.0,0.0,0.0,0.0,0.0,0.0,0.0,0.0001277689537136782,0.0,0.0,0.0,1.4732589735907003e-06,7.228024160879067e-06,2.253686293626272e-07,2.151905593303426e-06,0.0,0.0,0.0,0.0,0.0,0.0,0.0,0.0,0.0,0.0,0.0,0.0,0.0,0.0,0.0,0.0,0.0,0.0,0.0,0.0,0.0,0.0,0.0,0.0,0.0,0.0,8.663453995688951e-06,0.0,0.0,0.0,0.0,0.0,0.0,0.0,0.0,0.0,0.0,0.0,0.0,0.0,0.0,0.0,0.0,0.0,0.0,0.0,2.0112149882566815e-06,0.0,4.202261937431819e-06,1.119491547360608e-06,1.140775071253333e-05,1.1655834046159607e-06,6.730049874136643e-06,0.0,0.0,1.0578850232435976e-06
19,0.0,0.0,0.0,0.0,0.0,0.0,0.0,0.0,0.0,0.0,0.0,0.0,0.0,0.0,0.0,0.0,0.0,0.0,0.0,0.0,0.00042748751051651155,0.0,0.0011169237276177097,0.0,2.1579400689135173e-05,0.0,0.0,1.872626205204293e-05,0.00014617882319169274,6.753293438493096e-06,6.454451897280462e-05,5.142251564144162e-07,0.0,0.0,0.0,0.0,0.0,0.0,0.0,0.0,0.0,0.0,0.0,0.0,0.0,0.0,0.0,0.0,0.0,0.0,0.0,0.0,0.0,0.0,0.0,0.0,0.0,0.0,0.00011818301583020873,0.0,0.0,0.0,1.3720759204078822e-06,6.680988910313361e-06,2.0970421227416327e-07,1.9963208129108213e-06,0.0,0.0,0.0,0.0,0.0,0.0,0.0,0.0,0.0,0.0,0.0,0.0,0.0,0.0,0.0,0.0,0.0,0.0,0.0,0.0,0.0,0.0,0.0,0.0,0.0,0.0,8.974945521213897e-06,0.0,0.0,0.0,0.0,0.0,0.0,0.0,0.0,0.0,0.0,0.0,0.0,0.0,0.0,0.0,0.0,0.0,0.0,0.0,1.8662647520646041e-06,0.0,3.89917574063267e-06,1.0366587332250423e-06,1.0604685806767987e-05,1.0892121272542549e-06,6.2312354872591966e-06,0.0,0.0,9.853416633586451e-07
20,0.0,0.0,0.0,0.0,0.0,0.0,0.0,0.0,0.0,0.0,0.0,0.0,0.0,0.0,0.0,0.0,0.0,0.0,0.0,0.0,0.0009047307041615846,0.0,0.00043891368594930715,0.0,2.9948243886843062e-05,0.0,0.0,3.400864595272935e-05,0.00016989046285776567,1.2858240810824814e-05,8.800769092409474e-05,9.9180289470867e-07,0.0,0.0,0.0,0.0,0.0,0.0,0.0,0.0,0.0,0.0,0.0,0.0,0.0,0.0,0.0,0.0,0.0,0.0,0.0,0.0,0.0,0.0,0.0,0.0,0.0,0.0,0.00010213904191898817,0.0,0.0,0.0,1.2140031264361276e-06,5.9318588895682415e-06,1.8396477374215435e-07,1.7017327849951386e-06,0.0,0.0,0.0,0.0,0.0,0.0,0.0,0.0,0.0,0.0,0.0,0.0,0.0,0.0,0.0,0.0,0.0,0.0,0.0,0.0,0.0,0.0,0.0,0.0,0.0,0.0,6.495822895335757e-05,0.0,0.0,0.0,0.0,0.0,0.0,0.0,0.0,0.0,0.0,0.0,0.0,0.0,0.0,0.0,0.0,0.0,0.0,0.0,1.6638433333391452e-06,0.0,3.823655624320251e-06,1.0365763304112648e-06,1.0295882589592948e-05,1.1388619495563314e-06,5.876559452632981e-06,0.0,0.0,1.0322216313711203e-06
21,0.0,0.0,0.0,0.0,0.0,0.0,0.0,0.0,0.0,0.0,0.0,0.0,0.0,0.0,0.0,0.0,0.0,0.0,0.0,0.0,0.0008154350419146613,0.0,0.0003673153532038665,0.0,2.5998776961086198e-05,0.0,0.0,3.082746989279232e-05,0.00015005504512875773,1.1369733555209015e-05,7.70125009358907e-05,8.918900502325731e-07,0.0,0.0,0.0,0.0,0.0,0.0,0.0,0.0,0.0,0.0,0.0,0.0,0.0,0.0,0.0,0.0,0.0,0.0,0.0,0.0,0.0,0.0,0.0,0.0,0.0,0.0,0.00010046030414977985,0.0,0.0,0.0,1.1983990175506108e-06,5.849612360635513e-06,1.8175829094910592e-07,1.6729973932259186e-06,0.0,0.0,0.0,0.0,0.0,0.0,0.0,0.0,0.0,0.0,0.0,0.0,0.0,0.0,0.0,0.0,0.0,0.0,0.0,0.0,0.0,0.0,0.0,0.0,0.0,0.0,6.422247842258884e-05,0.0,0.0,0.0,0.0,0.0,0.0,0.0,0.0,0.0,0.0,0.0,0.0,0.0,0.0,0.0,0.0,0.0,0.0,0.0,1.640317899071248e-06,0.0,3.764482557022607e-06,1.0209483158666613e-06,1.0137516118723554e-05,1.1265839785418066e-06,5.765615119529825e-06,0.0,0.0,1.0199379162973379e-06
22,0.0,0.0,0.0,0.0,0.0,0.0,0.0,0.0,0.0,0.0,0.0,0.0,0.0,0.0,0.0,0.0,0.0,0.0,0.0,0.0,0.0,0.0,0.0015026396890563199,0.0,0.00012412913953138168,0.0,0.0,0.0009391650923065409,0.003308120869337152,0.00027321666826095613,0.001236449284947204,1.5181211174804798e-05,0.0,0.0,0.0,0.0,0.0,0.0,0.0,0.0,0.0,0.0,0.0,0.0,0.0,0.0,0.0,0.0,0.0,0.0,0.0,0.0,0.0,0.0,0.0,0.0,0.0,0.0,0.00020065714445872927,0.0,0.0,0.0,2.2440216524837246e-06,1.1562914136663835e-05,3.4420957275138564e-07,3.296487691060148e-06,0.0,0.0,0.0,0.0,0.0,0.0,0.0,0.0,0.0,0.0,0.0,0.0,0.0,0.0,0.0,0.0,0.0,0.0,0.0,0.0,0.0,0.0,0.0,0.0,0.0,0.0,7.855914037964502e-06,0.0,0.0,0.0,0.0,0.0,0.0,0.0,0.0,0.0,0.0,0.0,0.0,0.0,0.0,0.0,0.0,0.0,0.0,0.0,3.153736180306623e-06,0.0,6.829295549114199e-06,1.8600655667810919e-06,1.8223385973147664e-05,1.9490146397929712e-06,1.095204828469835e-05,0.0,0.0,1.8075204990965406e-06
24,0.0,0.0,0.0,0.0,0.0,0.0,0.0,0.0,0.0,0.0,0.0,0.0,0.0,0.0,0.0,0.0,0.0,0.0,0.0,0.0,0.0014839942650200872,0.0,0.003575763459507629,0.0,7.72619944459981e-05,0.0,0.0,5.355496138830238e-05,0.0009000301986484111,4.292763924536205e-05,0.0003667855647445953,2.6752389034196214e-06,0.0,0.0,0.0,0.0,0.0,0.0,0.0,0.0,0.0,0.0,0.0,0.0,0.0,0.0,0.0,0.0,0.0,0.0,0.0,0.0,0.0,0.0,0.0,0.0,0.0,0.0,0.0001637590562719666,0.0,0.0,0.0,1.851998991390069e-06,9.337458755906858e-06,2.838724624083634e-07,2.7227986439141784e-06,0.0,0.0,0.0,0.0,0.0,0.0,0.0,0.0,0.0,0.0,0.0,0.0,0.0,0.0,0.0,0.0,0.0,0.0,0.0,0.0,0.0,0.0,0.0,0.0,0.0,0.0,8.385042334613927e-06,0.0,0.0,0.0,0.0,0.0,0.0,0.0,0.0,0.0,0.0,0.0,0.0,0.0,0.0,0.0,0.0,0.0,0.0,0.0,2.566769751541875e-06,0.0,5.439067497522859e-06,1.46472394313543e-06,1.4637726620351311e-05,1.5181937107052807e-06,8.734620633218401e-06,0.0,0.0,1.3934649618432917e-06
25,0.0,0.0,0.0,0.0,0.0,0.0,0.0,0.0,0.0,0.0,0.0,0.0,0.0,0.0,0.0,0.0,0.0,0.0,0.0,0.0,0.0009721121734317448,0.0,0.0,0.0,4.564476175650942e-05,0.0,0.0,3.9427709560327175e-05,0.0004956974313018862,1.7629276524996715e-05,0.00021468102455646535,6.653215175214889e-07,0.0,0.0,0.0,0.0,0.0,0.0,0.0,0.0,0.0,0.0,0.0,0.0,0.0,0.0,0.0,0.0,0.0,0.0,0.0,0.0,0.0,0.0,0.0,0.0,0.0,0.0,0.00013833060364797003,0.0,0.0,0.0,1.5888362205599074e-06,7.890352288544754e-06,2.4296967180848854e-07,2.3117189626949492e-06,0.0,0.0,0.0,0.0,0.0,0.0,0.0,0.0,0.0,0.0,0.0,0.0,0.0,0.0,0.0,0.0,0.0,0.0,0.0,0.0,0.0,0.0,0.0,0.0,0.0,0.0,1.0137460599663299e-05,0.0,0.0,0.0,0.0,0.0,0.0,0.0,0.0,0.0,0.0,0.0,0.0,0.0,0.0,0.0,0.0,0.0,0.0,0.0,2.186410437442102e-06,0.0,4.659315444186786e-06,1.2511477813402703e-06,1.2578978708233257e-05,1.304784380853325e-06,7.431409650591518e-06,0.0,0.0,1.1908085887178034e-06
26,0.0,0.0,0.0,0.0,0.0,0.0,0.0,0.0,0.0,0.0,0.0,0.0,0.0,0.0,0.0,0.0,0.0,0.0,0.0,0.0,0.02706753774225366,0.0,0.0060003267668391706,0.0,0.0005295545763192968,0.0,0.0,0.0006232928915648713,0.00644504852686165,0.00019906829063471887,0.0038856394643576398,3.139675741933972e-06,0.0,0.0,0.0,0.0,0.0,0.0,0.0,0.0,0.0,0.0,0.0,0.0,0.0,0.0,0.0,0.0,0.0,0.0,0.0,0.0,0.0,0.0,0.0,0.0,0.0,0.0,0.003572495603737741,0.0,0.0,0.0,1.3754597344779166e-05,0.00011399138030158828,2.0751245803502092e-06,6.099900879054559e-05,0.0,0.0,0.0,0.0,0.0,0.0,0.0,0.0,0.0,0.0,0.0,0.0,0.0,0.0,0.0,0.0,0.0,0.0,0.0,0.0,0.0,0.0,0.0,0.0,0.0,0.0,0.0003864218913285173,0.0,0.0,0.0,0.0,0.0,0.0,0.0,0.0,0.0,0.0,0.0,0.0,0.0,0.0,0.0,0.0,0.0,0.0,0.0,5.844192783861437e-05,0.0,0.00012837651299833303,3.388153142315373e-05,0.00035301211524898444,3.622603920885223e-05,0.0001974715644757081,0.0,0.0,3.212427707566022e-05
27,0.0,0.0,0.0,0.0,0.0,0.0,0.0,0.0,0.0,0.0,0.0,0.0,0.0,0.0,0.0,0.0,0.0,0.0,0.0,0.0,0.044213526323465625,0.0,0.005402900423255865,0.0,0.0,0.0,0.0,0.0008994956658594773,0.005105273247028029,0.00022215640283987357,0.0027312571848730396,1.4161012680127162e-05,0.0,0.0,0.0,0.0,0.0,0.0,0.0,0.0,0.0,0.0,0.0,0.0,0.0,0.0,0.0,0.0,0.0,0.0,0.0,0.0,0.0,0.0,0.0,0.0,0.0,0.0,0.003641570369977358,0.0,0.0,0.0,1.4072254364882762e-05,0.00011691424640213646,2.120406463151802e-06,6.195816872979312e-05,0.0,0.0,0.0,0.0,0.0,0.0,0.0,0.0,0.0,0.0,0.0,0.0,0.0,0.0,0.0,0.0,0.0,0.0,0.0,0.0,0.0,0.0,0.0,0.0,0.0,0.0,0.0004249283998693548,0.0,0.0,0.0,0.0,0.0,0.0,0.0,0.0,0.0,0.0,0.0,0.0,0.0,0.0,0.0,0.0,0.0,0.0,0.0,5.9959510391567226e-05,0.0,0.00013399757674202058,3.552368010389828e-05,0.000367497970167214,3.841597406724128e-05,0.00020484033945990484,0.0,0.0,3.412178703347412e-05
28,0.0,0.0,0.0,0.0,0.0,0.0,0.0,0.0,0.0,0.0,0.0,0.0,0.0,0.0,0.0,0.0,0.0,0.0,0.0,0.0,0.035107961219886144,0.0,0.006283822541542077,0.0,0.00029500694837730404,0.0,0.0,0.0007318163122380008,0.004920778421290285,0.00019541948438957983,0.0027075216857069735,9.176211387176223e-06,0.0,0.0,0.0,0.0,0.0,0.0,0.0,0.0,0.0,0.0,0.0,0.0,0.0,0.0,0.0,0.0,0.0,0.0,0.0,0.0,0.0,0.0,0.0,0.0,0.0,0.0,0.0035222910400067894,0.0,0.0,0.0,1.3624716092754759e-05,0.00011283646883510898,2.053223447549258e-06,6.0052462036512864e-05,0.0,0.0,0.0,0.0,0.0,0.0,0.0,0.0,0.0,0.0,0.0,0.0,0.0,0.0,0.0,0.0,0.0,0.0,0.0,0.0,0.0,0.0,0.0,0.0,0.0,0.0,0.00042659859049506315,0.0,0.0,0.0,0.0,0.0,0.0,0.0,0.0,0.0,0.0,0.0,0.0,0.0,0.0,0.0,0.0,0.0,0.0,0.0,5.793616877698658e-05,0.0,0.00012877230623190928,3.406917597374679e-05,0.000353667394238618,3.672704839766596e-05,0.0001971022598211236,0.0,0.0,3.2574287168230794e-05
29,0.0,0.0,0.0,0.0,0.0,0.0,0.0,0.0,0.0,0.0,0.0,0.0,0.0,0.0,0.0,0.0,0.0,0.0,0.0,0.0,0.011554641151518318,0.0,0.0016780014797708688,0.0,0.00010313003991267563,0.0,0.0,0.00016409769166422886,0.005125653204299502,0.000296124139763802,0.0015913675020149999,9.3117188461298e-06,0.0,0.0,0.0,0.0,0.0,0.0,0.0,0.0,0.0,0.0,0.0,0.0,0.0,0.0,0.0,0.0,0.0,0.0,0.0,0.0,0.0,0.0,0.0,0.0,0.0,0.0,0.00019607535015490766,0.0,0.0,0.0,2.189662237290399e-06,1.1251758691803355e-05,3.3606794524046585e-07,3.2300051620464728e-06,0.0,0.0,0.0,0.0,0.0,0.0,0.0,0.0,0.0,0.0,0.0,0.0,0.0,0.0,0.0,0.0,0.0,0.0,0.0,0.0,0.0,0.0,0.0,0.0,0.0,0.0,7.636351013661975e-06,0.0,0.0,0.0,0.0,0.0,0.0,0.0,0.0,0.0,0.0,0.0,0.0,0.0,0.0,0.0,0.0,0.0,0.0,0.0,3.069009866308294e-06,0.0,6.576540878664938e-06,1.785367346265834e-06,1.7585709211694985e-05,1.858680722995287e-06,1.057960545217002e-05,0.0,0.0,1.720608945996993e-06
30,0.0,0.0,0.0,0.0,0.0,0.0,0.0,0.0,0.0,0.0,0.0,0.0,0.0,0.0,0.0,0.0,0.0,0.0,0.0,0.0,0.09376875521802021,0.0,0.003658028036849531,0.0,0.0004676938016324968,0.0,0.0,0.0,0.008173403762072916,0.00029865552295337065,0.003120084539486418,1.8859832831099684e-05,0.0,0.0,0.0,0.0,0.0,0.0,0.0,0.0,0.0,0.0,0.0,0.0,0.0,0.0,0.0,0.0,0.0,0.0,0.0,0.0,0.0,0.0,0.0,0.0,0.0,0.0,0.004061322807546904,0.0,0.0,0.0,1.543244269642628e-05,0.00012954748844184677,2.332688454437225e-06,6.904690672670998e-05,0.0,0.0,0.0,0.0,0.0,0.0,0.0,0.0,0.0,0.0,0.0,0.0,0.0,0.0,0.0,0.0,0.0,0.0,0.0,0.0,0.0,0.0,0.0,0.0,0.0,0.0,0.00033443533813938797,0.0,0.0,0.0,0.0,0.0,0.0,0.0,0.0,0.0,0.0,0.0,0.0,0.0,0.0,0.0,0.0,0.0,0.0,0.0,6.593977208477752e-05,0.0,0.0001441107779200946,3.811920077010603e-05,0.0003952729739095785,4.051895970874311e-05,0.0002229820042169108,0.0,0.0,3.610930963143063e-05
31,0.0,0.0,0.0,0.0,0.0,0.0,0.0,0.0,0.0,0.0,0.0,0.0,0.0,0.0,0.0,0.0,0.0,0.0,0.0,0.0,0.028496565299177493,0.0,0.004544348409533784,0.0,0.0004069042869742482,0.0,0.0,0.0004031914512269863,0.0,0.0002435170067643522,0.004218186836262132,1.1081663673031455e-05,0.0,0.0,0.0,0.0,0.0,0.0,0.0,0.0,0.0,0.0,0.0,0.0,0.0,0.0,0.0,0.0,0.0,0.0,0.0,0.0,0.0,0.0,0.0,0.0,0.0,0.0,0.0037011616933786745,0.0,0.0,0.0,1.4136203797322198e-05,0.00011737570862956358,2.136486917012217e-06,6.33170081710013e-05,0.0,0.0,0.0,0.0,0.0,0.0,0.0,0.0,0.0,0.0,0.0,0.0,0.0,0.0,0.0,0.0,0.0,0.0,0.0,0.0,0.0,0.0,0.0,0.0,0.0,0.0,0.00033809662802811245,0.0,0.0,0.0,0.0,0.0,0.0,0.0,0.0,0.0,0.0,0.0,0.0,0.0,0.0,0.0,0.0,0.0,0.0,0.0,5.9999057812841204e-05,0.0,0.00012941694455069618,3.4023608935466825e-05,0.0003565495643147262,3.590483300810898e-05,0.00020061381337221202,0.0,0.0,3.182675958271663e-05
32,0.0,0.0,0.0,0.0,0.0,0.0,0.0,0.0,0.0,0.0,0.0,0.0,0.0,0.0,0.0,0.0,0.0,0.0,0.0,0.0,0.004328831329150035,0.0,0.0020608002763287526,0.0,0.00013330480955544937,0.0,0.0,0.00024953869371921705,0.004356360882143126,0.0,0.0023235355391389534,9.018889261645217e-06,0.0,0.0,0.0,0.0,0.0,0.0,0.0,0.0,0.0,0.0,0.0,0.0,0.0,0.0,0.0,0.0,0.0,0.0,0.0,0.0,0.0,0.0,0.0,0.0,0.0,0.0,0.00018522326315916895,0.0,0.0,0.0,2.0823287383761735e-06,1.064517244415118e-05,3.1922420558232184e-07,3.0546554835782636e-06,0.0,0.0,0.0,0.0,0.0,0.0,0.0,0.0,0.0,0.0,0.0,0.0,0.0,0.0,0.0,0.0,0.0,0.0,0.0,0.0,0.0,0.0,0.0,0.0,0.0,0.0,8.38644970142344e-06,0.0,0.0,0.0,0.0,0.0,0.0,0.0,0.0,0.0,0.0,0.0,0.0,0.0,0.0,0.0,0.0,0.0,0.0,0.0,2.912569399848128e-06,0.0,6.279110856470048e-06,1.7045047288174814e-06,1.6800391285039378e-05,1.7832069962818736e-06,1.0060805697040262e-05,0.0,0.0,1.6478156891299255e-06
33,0.0,0.0,0.0,0.0,0.0,0.0,0.0,0.0,0.0,0.0,0.0,0.0,0.0,0.0,0.0,0.0,0.0,0.0,0.0,0.0,0.0021729206006541805,0.0,0.0025738520799122775,0.0,0.00010423604862146172,0.0,0.0,9.51786674272952e-05,0.003722399629210985,9.430368052119408e-05,0.0,4.9642566437494425e-06,0.0,0.0,0.0,0.0,0.0,0.0,0.0,0.0,0.0,0.0,0.0,0.0,0.0,0.0,0.0,0.0,0.0,0.0,0.0,0.0,0.0,0.0,0.0,0.0,0.0,0.0,0.00017667556400996248,0.0,0.0,0.0,1.9889718767140636e-06,1.011366038014567e-05,3.049608220684261e-07,2.9240247989206166e-06,0.0,0.0,0.0,0.0,0.0,0.0,0.0,0.0,0.0,0.0,0.0,0.0,0.0,0.0,0.0,0.0,0.0,0.0,0.0,0.0,0.0,0.0,0.0,0.0,0.0,0.0,8.306851697295851e-06,0.0,0.0,0.0,0.0,0.0,0.0,0.0,0.0,0.0,0.0,0.0,0.0,0.0,0.0,0.0,0.0,0.0,0.0,0.0,2.7712803962544005e-06,0.0,5.920241399480213e-06,1.6011965824039364e-06,1.5881041121740184e-05,1.6664538468875124e-06,9.502941145341659e-06,0.0,0.0,1.5356622240042571e-06
34,0.0,0.0,0.0,0.0,0.0,0.0,0.0,0.0,0.0,0.0,0.0,0.0,0.0,0.0,0.0,0.0,0.0,0.0,0.0,0.0,0.01938491623570673,0.0,0.001634687457341531,0.0,0.00020498106711716845,0.0,0.0,0.0005648655726909182,0.0022052585264009912,0.000264567517123612,0.0011754942725055403,0.0,0.0,0.0,0.0,0.0,0.0,0.0,0.0,0.0,0.0,0.0,0.0,0.0,0.0,0.0,0.0,0.0,0.0,0.0,0.0,0.0,0.0,0.0,0.0,0.0,0.0,0.0,0.0001884740722338202,0.0,0.0,0.0,2.127995506786873e-06,1.0901506889783846e-05,3.258198273649037e-07,3.0974643149401633e-06,0.0,0.0,0.0,0.0,0.0,0.0,0.0,0.0,0.0,0.0,0.0,0.0,0.0,0.0,0.0,0.0,0.0,0.0,0.0,0.0,0.0,0.0,0.0,0.0,0.0,0.0,9.00167895984178e-06,0.0,0.0,0.0,0.0,0.0,0.0,0.0,0.0,0.0,0.0,0.0,0.0,0.0,0.0,0.0,0.0,0.0,0.0,0.0,2.985543917199065e-06,0.0,6.546012505603411e-06,1.7849361434577482e-06,1.746770936245964e-05,1.8875373397097185e-06,1.0427267980459126e-05,0.0,0.0,1.7473142810731108e-06
35,0.0,0.0,0.0,0.0,0.0,0.0,0.0,0.0,0.0,0.0,0.0,0.0,0.0,0.0,0.0,0.0,0.0,0.0,0.0,0.0,0.0023924952917618895,0.0,0.0007456969781806177,0.0,0.00010121992938198348,0.0,0.0,8.775080261586015e-05,0.00037824221872598745,3.20559559209668e-05,0.00019849503470243356,2.990112284776693e-06,0.0,0.0,0.0,0.0,0.0,0.0,0.0,0.0,0.0,0.0,0.0,0.0,0.0,0.0,0.0,0.0,0.0,0.0,0.0,0.0,0.0,0.0,0.0,0.0,0.0,0.0,0.0001487600936931479,0.0,0.0,0.0,1.725790762167623e-06,8.666875387856839e-06,2.6296069787045304e-07,2.453621225761853e-06,0.0,0.0,0.0,0.0,0.0,0.0,0.0,0.0,0.0,0.0,0.0,0.0,0.0,0.0,0.0,0.0,0.0,0.0,0.0,0.0,0.0,0.0,0.0,0.0,0.0,0.0,1.791330405029163e-05,0.0,0.0,0.0,0.0,0.0,0.0,0.0,0.0,0.0,0.0,0.0,0.0,0.0,0.0,0.0,0.0,0.0,0.0,0.0,2.398690021245543e-06,0.0,5.435428582770792e-06,1.485136848410339e-06,1.453108098329441e-05,1.6258488687750728e-06,8.447602068690585e-06,0.0,0.0,1.4898456268901055e-06
36,0.0,0.0,0.0,0.0,0.0,0.0,0.0,0.0,0.0,0.0,0.0,0.0,0.0,0.0,0.0,0.0,0.0,0.0,0.0,0.0,0.002644670577757221,0.0,0.0007931562601532657,0.0,0.00011538184785473111,0.0,0.0,9.660405786837676e-05,0.00041213098861810727,3.533621243614845e-05,0.0002169051417239464,3.356276318893783e-06,0.0,0.0,0.0,0.0,0.0,0.0,0.0,0.0,0.0,0.0,0.0,0.0,0.0,0.0,0.0,0.0,0.0,0.0,0.0,0.0,0.0,0.0,0.0,0.0,0.0,0.0,0.00015227713936728101,0.0,0.0,0.0,1.76143669082279e-06,8.866647677434296e-06,2.6852752804270297e-07,2.5104439469885515e-06,0.0,0.0,0.0,0.0,0.0,0.0,0.0,0.0,0.0,0.0,0.0,0.0,0.0,0.0,0.0,0.0,0.0,0.0,0.0,0.0,0.0,0.0,0.0,0.0,0.0,0.0,1.6980222386600644e-05,0.0,0.0,0.0,0.0,0.0,0.0,0.0,0.0,0.0,0.0,0.0,0.0,0.0,0.0,0.0,0.0,0.0,0.0,0.0,2.4504226569258175e-06,0.0,5.552364189231331e-06,1.5175599262185233e-06,1.4837370778557936e-05,1.6587821727886737e-06,8.623511002234066e-06,0.0,0.0,1.5214848555169448e-06
37,0.0,0.0,0.0,0.0,0.0,0.0,0.0,0.0,0.0,0.0,0.0,0.0,0.0,0.0,0.0,0.0,0.0,0.0,0.0,0.0,0.0025447220701490768,0.0,0.0007341466106666546,0.0,0.00010437177510041843,0.0,0.0,9.349761525439161e-05,0.0003924656343783595,3.349256491245366e-05,0.00020505424893637402,3.199110238394242e-06,0.0,0.0,0.0,0.0,0.0,0.0,0.0,0.0,0.0,0.0,0.0,0.0,0.0,0.0,0.0,0.0,0.0,0.0,0.0,0.0,0.0,0.0,0.0,0.0,0.0,0.0,0.00015389534284926303,0.0,0.0,0.0,1.7829267698053347e-06,8.972885773388856e-06,2.717224089471034e-07,2.53556540095823e-06,0.0,0.0,0.0,0.0,0.0,0.0,0.0,0.0,0.0,0.0,0.0,0.0,0.0,0.0,0.0,0.0,0.0,0.0,0.0,0.0,0.0,0.0,0.0,0.0,0.0,0.0,1.656317057658107e-05,0.0,0.0,0.0,0.0,0.0,0.0,0.0,0.0,0.0,0.0,0.0,0.0,0.0,0.0,0.0,0.0,0.0,0.0,0.0,2.4819733708932664e-06,0.0,5.613344188399123e-06,1.535117622151241e-06,1.4995672690620093e-05,1.6811262075932026e-06,8.754002714816568e-06,0.0,0.0,1.5419888310487809e-06
38,0.0,0.0,0.0,0.0,0.0,0.0,0.0,0.0,0.0,0.0,0.0,0.0,0.0,0.0,0.0,0.0,0.0,0.0,0.0,0.0,0.002871454574785877,0.0,0.0008749831742571767,0.0,0.00013474136730647833,0.0,0.0,0.00010412294003147614,0.00044888135637257055,3.8866259161888513e-05,0.00023850712833840723,3.701130845531162e-06,0.0,0.0,0.0,0.0,0.0,0.0,0.0,0.0,0.0,0.0,0.0,0.0,0.0,0.0,0.0,0.0,0.0,0.0,0.0,0.0,0.0,0.0,0.0,0.0,0.0,0.0,0.00015264505169019477,0.0,0.0,0.0,1.7608242049286895e-06,8.87505345072467e-06,2.685693944131203e-07,2.517318852910949e-06,0.0,0.0,0.0,0.0,0.0,0.0,0.0,0.0,0.0,0.0,0.0,0.0,0.0,0.0,0.0,0.0,0.0,0.0,0.0,0.0,0.0,0.0,0.0,0.0,0.0,0.0,1.6788984156778613e-05,0.0,0.0,0.0,0.0,0.0,0.0,0.0,0.0,0.0,0.0,0.0,0.0,0.0,0.0,0.0,0.0,0.0,0.0,0.0,2.449145283428884e-06,0.0,5.558474778469497e-06,1.5186696103524272e-06,1.4854799868327106e-05,1.6560266318368313e-06,8.642530609474403e-06,0.0,0.0,1.5196316615057593e-06
39,0.0,0.0,0.0,0.0,0.0,0.0,0.0,0.0,0.0,0.0,0.0,0.0,0.0,0.0,0.0,0.0,0.0,0.0,0.0,0.0,0.0016972021496139966,0.0,0.000554592098583087,0.0,6.198553807268393e-05,0.0,0.0,6.329720862200899e-05,0.0002755651492520962,2.253738214106132e-05,0.00014202378642213495,2.0199132664933247e-06,0.0,0.0,0.0,0.0,0.0,0.0,0.0,0.0,0.0,0.0,0.0,0.0,0.0,0.0,0.0,0.0,0.0,0.0,0.0,0.0,0.0,0.0,0.0,0.0,0.0,0.0,0.00013925674675518363,0.0,0.0,0.0,1.6337533315751658e-06,8.139318518740181e-06,2.484468322064407e-07,2.2990497912826217e-06,0.0,0.0,0.0,0.0,0.0,0.0,0.0,0.0,0.0,0.0,0.0,0.0,0.0,0.0,0.0,0.0,0.0,0.0,0.0,0.0,0.0,0.0,0.0,0.0,0.0,0.0,2.1013086030823897e-05,0.0,0.0,0.0,0.0,0.0,0.0,0.0,0.0,0.0,0.0,0.0,0.0,0.0,0.0,0.0,0.0,0.0,0.0,0.0,2.2654600962408066e-06,0.0,5.154320517512873e-06,1.404971229812727e-06,1.3796335973064375e-05,1.5420004642301581e-06,8.014484816376017e-06,0.0,0.0,1.4084678256910751e-06
40,0.0,0.0,0.0,0.0,0.0,0.0,0.0,0.0,0.0,0.0,0.0,0.0,0.0,0.0,0.0,0.0,0.0,0.0,0.0,0.0,0.0017515199070529872,0.0,0.0005092024989537227,0.0,5.949068512108869e-05,0.0,0.0,6.581745662072112e-05,0.0002751533710292561,2.256388952879673e-05,0.00014012056902247452,2.075715364084279e-06,0.0,0.0,0.0,0.0,0.0,0.0,0.0,0.0,0.0,0.0,0.0,0.0,0.0,0.0,0.0,0.0,0.0,0.0,0.0,0.0,0.0,0.0,0.0,0.0,0.0,0.0,0.00014812629211357673,0.0,0.0,0.0,1.7383929177374415e-06,8.680424590369836e-06,2.643250148935051e-07,2.4403702379021645e-06,0.0,0.0,0.0,0.0,0.0,0.0,0.0,0.0,0.0,0.0,0.0,0.0,0.0,0.0,0.0,0.0,0.0,0.0,0.0,0.0,0.0,0.0,0.0,0.0,0.0,0.0,1.7556086488196687e-05,0.0,0.0,0.0,0.0,0.0,0.0,0.0,0.0,0.0,0.0,0.0,0.0,0.0,0.0,0.0,0.0,0.0,0.0,0.0,2.4171516201339042e-06,0.0,5.537965099828351e-06,1.5128569289899083e-06,1.48001942450094e-05,1.6471976677309841e-06,8.590558367830638e-06,0.0,0.0,1.5151505870405385e-06
41,0.0,0.0,0.0,0.0,0.0,0.0,0.0,0.0,0.0,0.0,0.0,0.0,0.0,0.0,0.0,0.0,0.0,0.0,0.0,0.0,0.0017515199070529872,0.0,0.0005092024989537227,0.0,5.949068512108869e-05,0.0,0.0,6.581745662072112e-05,0.0002751533710292561,2.256388952879673e-05,0.00014012056902247452,2.075715364084279e-06,0.0,0.0,0.0,0.0,0.0,0.0,0.0,0.0,0.0,0.0,0.0,0.0,0.0,0.0,0.0,0.0,0.0,0.0,0.0,0.0,0.0,0.0,0.0,0.0,0.0,0.0,0.00014812629211357673,0.0,0.0,0.0,1.7383929177374415e-06,8.680424590369836e-06,2.643250148935051e-07,2.4403702379021645e-06,0.0,0.0,0.0,0.0,0.0,0.0,0.0,0.0,0.0,0.0,0.0,0.0,0.0,0.0,0.0,0.0,0.0,0.0,0.0,0.0,0.0,0.0,0.0,0.0,0.0,0.0,1.7556086488196687e-05,0.0,0.0,0.0,0.0,0.0,0.0,0.0,0.0,0.0,0.0,0.0,0.0,0.0,0.0,0.0,0.0,0.0,0.0,0.0,2.4171516201339042e-06,0.0,5.537965099828351e-06,1.5128569289899083e-06,1.48001942450094e-05,1.6471976677309841e-06,8.590558367830638e-06,0.0,0.0,1.5151505870405385e-06
42,0.0,0.0,0.0,0.0,0.0,0.0,0.0,0.0,0.0,0.0,0.0,0.0,0.0,0.0,0.0,0.0,0.0,0.0,0.0,0.0,0.001568941114748303,0.0,0.0004875734373089191,0.0,5.354962602839767e-05,0.0,0.0,5.896295589325586e-05,0.0002520584703206399,2.0473791416413397e-05,0.0001284096532734153,1.8427424420734557e-06,0.0,0.0,0.0,0.0,0.0,0.0,0.0,0.0,0.0,0.0,0.0,0.0,0.0,0.0,0.0,0.0,0.0,0.0,0.0,0.0,0.0,0.0,0.0,0.0,0.0,0.0,0.00014088959464284327,0.0,0.0,0.0,1.6588575077459798e-06,8.253454792074575e-06,2.520957655279191e-07,2.324260211519994e-06,0.0,0.0,0.0,0.0,0.0,0.0,0.0,0.0,0.0,0.0,0.0,0.0,0.0,0.0,0.0,0.0,0.0,0.0,0.0,0.0,0.0,0.0,0.0,0.0,0.0,0.0,1.9598408612911842e-05,0.0,0.0,0.0,0.0,0.0,0.0,0.0,0.0,0.0,0.0,0.0,0.0,0.0,0.0,0.0,0.0,0.0,0.0,0.0,2.3017022969532096e-06,0.0,5.2757578129993526e-06,1.439656857674984e-06,1.4114110522091556e-05,1.5690120308851422e-06,8.172255977164984e-06,0.0,0.0,1.4406039236440048e-06
43,0.0,0.0,0.0,0.0,0.0,0.0,0.0,0.0,0.0,0.0,0.0,0.0,0.0,0.0,0.0,0.0,0.0,0.0,0.0,0.0,0.023477505961557336,0.0,0.0027804718141125036,0.0,0.00035133242672790284,0.0,0.0,0.000506440889139507,0.002440179463620238,9.881845227123418e-05,0.0011977418117741718,7.575790453914412e-06,0.0,0.0,0.0,0.0,0.0,0.0,0.0,0.0,0.0,0.0,0.0,0.0,0.0,0.0,0.0,0.0,0.0,0.0,0.0,0.0,0.0,0.0,0.0,0.0,0.0,0.0,0.003443130273950034,0.0,0.0,0.0,1.3418124298307743e-05,0.00011106119111992779,2.0183008211170436e-06,5.853722640375663e-05,0.0,0.0,0.0,0.0,0.0,0.0,0.0,0.0,0.0,0.0,0.0,0.0,0.0,0.0,0.0,0.0,0.0,0.0,0.0,0.0,0.0,0.0,0.0,0.0,0.0,0.0,0.0006620065877553028,0.0,0.0,0.0,0.0,0.0,0.0,0.0,0.0,0.0,0.0,0.0,0.0,0.0,0.0,0.0,0.0,0.0,0.0,0.0,5.7059609687151755e-05,0.0,0.00012976142228543342,3.4538414121867156e-05,0.00035552836054256605,3.8258971635524377e-05,0.00019621025632952701,0.0,0.0,3.385237321990339e-05
44,0.0,0.0,0.0,0.0,0.0,0.0,0.0,0.0,0.0,0.0,0.0,0.0,0.0,0.0,0.0,0.0,0.0,0.0,0.0,0.0,0.00018766310298117472,0.0,4.7063790816362414e-05,0.0,3.2211864425514294e-06,0.0,0.0,8.023570178343392e-06,3.427839871367536e-05,2.331822611020261e-06,1.5451946911534824e-05,1.753241895270089e-07,0.0,0.0,0.0,0.0,0.0,0.0,0.0,0.0,0.0,0.0,0.0,0.0,0.0,0.0,0.0,0.0,0.0,0.0,0.0,0.0,0.0,0.0,0.0,0.0,0.0,0.0,0.0010996915671453653,0.0,0.0,0.0,1.8158472196105463e-05,7.05252198342083e-05,2.5961033300923474e-06,1.8724287426789145e-05,0.0,0.0,0.0,0.0,0.0,0.0,0.0,0.0,0.0,0.0,0.0,0.0,0.0,0.0,0.0,0.0,0.0,0.0,0.0,0.0,0.0,0.0,0.0,0.0,0.0,0.0,1.2154664080880107e-06,0.0,0.0,0.0,0.0,0.0,0.0,0.0,0.0,0.0,0.0,0.0,0.0,0.0,0.0,0.0,0.0,0.0,0.0,0.0,2.348573427972788e-05,0.0,7.691137568667788e-05,2.0352943563487368e-05,0.0002150213989952095,2.861147953029742e-05,9.277305741599152e-05,0.0,0.0,2.278225417397742e-05
45,0.0,0.0,0.0,0.0,0.0,0.0,0.0,0.0,0.0,0.0,0.0,0.0,0.0,0.0,0.0,0.0,0.0,0.0,0.0,0.0,0.008242758711706148,0.0,0.0007284171261015136,0.0,8.524763849454881e-05,0.0,0.0,0.00019237312646075612,0.0008547039614674588,3.248533896078101e-05,0.0003911123508140311,2.4462370163536557e-06,0.0,0.0,0.0,0.0,0.0,0.0,0.0,0.0,0.0,0.0,0.0,0.0,0.0,0.0,0.0,0.0,0.0,0.0,0.0,0.0,0.0,0.0,0.0,0.0,0.0,0.0,0.008893601783600666,0.0,0.0,0.0,3.801926071807591e-05,0.000300612137251932,5.621952601267733e-06,0.00015045791364187174,0.0,0.0,0.0,0.0,0.0,0.0,0.0,0.0,0.0,0.0,0.0,0.0,0.0,0.0,0.0,0.0,0.0,0.0,0.0,0.0,0.0,0.0,0.0,0.0,0.0,0.0,0.00015044362461574947,0.0,0.0,0.0,0.0,0.0,0.0,0.0,0.0,0.0,0.0,0.0,0.0,0.0,0.0,0.0,0.0,0.0,0.0,0.0,0.00016240114191816904,0.0,0.0004351367825422668,0.00011689603453410584,0.0011892293014580584,0.00014113647077128316,0.0005973849425530233,0.0,0.0,0.00012570232687873176
46,0.0,0.0,0.0,0.0,0.0,0.0,0.0,0.0,0.0,0.0,0.0,0.0,0.0,0.0,0.0,0.0,0.0,0.0,0.0,0.0,0.0062335953981628184,0.0,0.0005666648957213744,0.0,6.699760560043178e-05,0.0,0.0,0.0001455555515767643,0.0006534061987496422,2.4809971283572057e-05,0.00030045982130482584,1.8809523647148971e-06,0.0,0.0,0.0,0.0,0.0,0.0,0.0,0.0,0.0,0.0,0.0,0.0,0.0,0.0,0.0,0.0,0.0,0.0,0.0,0.0,0.0,0.0,0.0,0.0,0.0,0.0,0.007288664047225814,0.0,0.0,0.0,3.288772330842227e-05,0.00024469733525665956,4.813785590116128e-06,0.00012573799266551717,0.0,0.0,0.0,0.0,0.0,0.0,0.0,0.0,0.0,0.0,0.0,0.0,0.0,0.0,0.0,0.0,0.0,0.0,0.0,0.0,0.0,0.0,0.0,0.0,0.0,0.0,0.00012327655326411789,0.0,0.0,0.0,0.0,0.0,0.0,0.0,0.0,0.0,0.0,0.0,0.0,0.0,0.0,0.0,0.0,0.0,0.0,0.0,0.00013563291217919213,0.0,0.0003613633023493174,9.460792582297152e-05,0.001011545887566214,0.00011420361304166304,0.000485677898594633,0.0,0.0,9.835415503849458e-05
47,0.0,0.0,0.0,0.0,0.0,0.0,0.0,0.0,0.0,0.0,0.0,0.0,0.0,0.0,0.0,0.0,0.0,0.0,0.0,0.0,0.0001981994628302595,0.0,4.906421593341633e-05,0.0,3.418037244811661e-06,0.0,0.0,8.373887913440084e-06,3.539835721249019e-05,2.4321223496670546e-06,1.5951862029181676e-05,1.8720656312443686e-07,0.0,0.0,0.0,0.0,0.0,0.0,0.0,0.0,0.0,0.0,0.0,0.0,0.0,0.0,0.0,0.0,0.0,0.0,0.0,0.0,0.0,0.0,0.0,0.0,0.0,0.0,0.00048719238238569413,0.0,0.0,0.0,6.80982185445502e-06,3.0483381225944658e-05,1.0002355631598458e-06,8.071676839522227e-06,0.0,0.0,0.0,0.0,0.0,0.0,0.0,0.0,0.0,0.0,0.0,0.0,0.0,0.0,0.0,0.0,0.0,0.0,0.0,0.0,0.0,0.0,0.0,0.0,0.0,0.0,1.437313301560105e-06,0.0,0.0,0.0,0.0,0.0,0.0,0.0,0.0,0.0,0.0,0.0,0.0,0.0,0.0,0.0,0.0,0.0,0.0,0.0,9.292944432607964e-06,0.0,2.690966452117291e-05,7.395401240668462e-06,7.271377933820564e-05,9.387787860413182e-06,3.6127313411632314e-05,0.0,0.0,8.385994468224313e-06
48,0.0,0.0,0.0,0.0,0.0,0.0,0.0,0.0,0.0,0.0,0.0,0.0,0.0,0.0,0.0,0.0,0.0,0.0,0.0,0.0,0.00021564164598673834,0.0,5.274210818097519e-05,0.0,3.74988654482161e-06,0.0,0.0,9.150071494278153e-06,3.8605901259255764e-05,2.6437065175326516e-06,1.7349025009871276e-05,2.026498631907046e-07,0.0,0.0,0.0,0.0,0.0,0.0,0.0,0.0,0.0,0.0,0.0,0.0,0.0,0.0,0.0,0.0,0.0,0.0,0.0,0.0,0.0,0.0,0.0,0.0,0.0,0.0,0.0005659403347465763,0.0,0.0,0.0,7.91588064131934e-06,3.558152995102565e-05,1.1617757647197965e-06,9.315933587914065e-06,0.0,0.0,0.0,0.0,0.0,0.0,0.0,0.0,0.0,0.0,0.0,0.0,0.0,0.0,0.0,0.0,0.0,0.0,0.0,0.0,0.0,0.0,0.0,0.0,0.0,0.0,1.5043626898080076e-06,0.0,0.0,0.0,0.0,0.0,0.0,0.0,0.0,0.0,0.0,0.0,0.0,0.0,0.0,0.0,0.0,0.0,0.0,0.0,1.0804190552092941e-05,0.0,3.1724863814370385e-05,8.744033693921232e-06,8.569111703039142e-05,1.1201816595784837e-05,4.248912243008666e-05,0.0,0.0,1.004906367443062e-05
49,0.0,0.0,0.0,0.0,0.0,0.0,0.0,0.0,0.0,0.0,0.0,0.0,0.0,0.0,0.0,0.0,0.0,0.0,0.0,0.0,0.00020385853236474702,0.0,5.022375247210746e-05,0.0,3.550862426064051e-06,0.0,0.0,8.640911752402696e-06,3.6541197839696267e-05,2.5030865760046056e-06,1.6439550673543257e-05,1.9186585278148496e-07,0.0,0.0,0.0,0.0,0.0,0.0,0.0,0.0,0.0,0.0,0.0,0.0,0.0,0.0,0.0,0.0,0.0,0.0,0.0,0.0,0.0,0.0,0.0,0.0,0.0,0.0,0.0005407953850250002,0.0,0.0,0.0,7.5723481375070745e-06,3.395336197815816e-05,1.111744804362222e-06,8.94349983717881e-06,0.0,0.0,0.0,0.0,0.0,0.0,0.0,0.0,0.0,0.0,0.0,0.0,0.0,0.0,0.0,0.0,0.0,0.0,0.0,0.0,0.0,0.0,0.0,0.0,0.0,0.0,1.45036949699598e-06,0.0,0.0,0.0,0.0,0.0,0.0,0.0,0.0,0.0,0.0,0.0,0.0,0.0,0.0,0.0,0.0,0.0,0.0,0.0,1.0370514743967203e-05,0.0,3.0300931161241478e-05,8.35126074205186e-06,8.172299329852775e-05,1.0669566708315204e-05,4.056804190604644e-05,0.0,0.0,9.53084890539396e-06
50,0.0,0.0,0.0,0.0,0.0,0.0,0.0,0.0,0.0,0.0,0.0,0.0,0.0,0.0,0.0,0.0,0.0,0.0,0.0,0.0,0.008402660835731516,0.0,0.0007405338433502761,0.0,8.720506403414997e-05,0.0,0.0,0.00019628759797797802,0.0008715982257378376,3.311002469520371e-05,0.00039865076929133947,2.4914243618808212e-06,0.0,0.0,0.0,0.0,0.0,0.0,0.0,0.0,0.0,0.0,0.0,0.0,0.0,0.0,0.0,0.0,0.0,0.0,0.0,0.0,0.0,0.0,0.0,0.0,0.0,0.0,0.009116292977594578,0.0,0.0,0.0,3.8908263965120135e-05,0.00030837567839732096,5.737424607481014e-06,0.0001539169504950255,0.0,0.0,0.0,0.0,0.0,0.0,0.0,0.0,0.0,0.0,0.0,0.0,0.0,0.0,0.0,0.0,0.0,0.0,0.0,0.0,0.0,0.0,0.0,0.0,0.0,0.0,0.00015233101464227919,0.0,0.0,0.0,0.0,0.0,0.0,0.0,0.0,0.0,0.0,0.0,0.0,0.0,0.0,0.0,0.0,0.0,0.0,0.0,0.00016620751248533314,0.0,0.00044543160508871745,0.0001199869157296603,0.001219560097726505,0.0001448111327019423,0.0006130156992006583,0.0,0.0,0.0001294685962559313
51,0.0,0.0,0.0,0.0,0.0,0.0,0.0,0.0,0.0,0.0,0.0,0.0,0.0,0.0,0.0,0.0,0.0,0.0,0.0,0.0,0.00016318053182921605,0.0,4.144889091031131e-05,0.0,2.8765157707260882e-06,0.0,0.0,6.8532491993473845e-06,2.9164745160605028e-05,2.009910718808292e-06,1.3199794865335065e-05,1.5518079864741838e-07,0.0,0.0,0.0,0.0,0.0,0.0,0.0,0.0,0.0,0.0,0.0,0.0,0.0,0.0,0.0,0.0,0.0,0.0,0.0,0.0,0.0,0.0,0.0,0.0,0.0,0.0,0.0003778902446851039,0.0,0.0,0.0,5.3821505008433275e-06,2.346655880181455e-05,7.904323123577136e-07,6.334497588936865e-06,0.0,0.0,0.0,0.0,0.0,0.0,0.0,0.0,0.0,0.0,0.0,0.0,0.0,0.0,0.0,0.0,0.0,0.0,0.0,0.0,0.0,0.0,0.0,0.0,0.0,0.0,1.2716583773063743e-06,0.0,0.0,0.0,0.0,0.0,0.0,0.0,0.0,0.0,0.0,0.0,0.0,0.0,0.0,0.0,0.0,0.0,0.0,0.0,7.215231198560601e-06,0.0,2.064446296942354e-05,5.588624775088697e-06,5.626658289467939e-05,7.050339131142661e-06,2.7515197206761822e-05,0.0,0.0,6.197356270512583e-06
52,0.0,0.0,0.0,0.0,0.0,0.0,0.0,0.0,0.0,0.0,0.0,0.0,0.0,0.0,0.0,0.0,0.0,0.0,0.0,0.0,0.008464477284000448,0.0,0.0007459149193130568,0.0,8.696834681031148e-05,0.0,0.0,0.00019744159452014538,0.0008760407241498262,3.331515313247826e-05,0.0004007335568637829,2.5118599626295236e-06,0.0,0.0,0.0,0.0,0.0,0.0,0.0,0.0,0.0,0.0,0.0,0.0,0.0,0.0,0.0,0.0,0.0,0.0,0.0,0.0,0.0,0.0,0.0,0.0,0.0,0.0,0.008881341456468265,0.0,0.0,0.0,3.7949119265858554e-05,0.00030014219933216095,5.580110105629108e-06,0.00014984823872987656,0.0,0.0,0.0,0.0,0.0,0.0,0.0,0.0,0.0,0.0,0.0,0.0,0.0,0.0,0.0,0.0,0.0,0.0,0.0,0.0,0.0,0.0,0.0,0.0,0.0,0.0,0.000153300605573775,0.0,0.0,0.0,0.0,0.0,0.0,0.0,0.0,0.0,0.0,0.0,0.0,0.0,0.0,0.0,0.0,0.0,0.0,0.0,0.000161357973215228,0.0,0.0004308445643163481,0.00011612888698891845,0.0011857542995807387,0.00013972807141584442,0.0005946529337751718,0.0,0.0,0.00012526701094614618
53,0.0,0.0,0.0,0.0,0.0,0.0,0.0,0.0,0.0,0.0,0.0,0.0,0.0,0.0,0.0,0.0,0.0,0.0,0.0,0.0,0.0001923669921611799,0.0,4.781281498534069e-05,0.0,3.3295073398596047e-06,0.0,0.0,8.119601910808245e-06,3.435809536190606e-05,2.361936911248341e-06,1.5494237742074932e-05,1.8190730922234496e-07,0.0,0.0,0.0,0.0,0.0,0.0,0.0,0.0,0.0,0.0,0.0,0.0,0.0,0.0,0.0,0.0,0.0,0.0,0.0,0.0,0.0,0.0,0.0,0.0,0.0,0.0,0.0004688682730325341,0.0,0.0,0.0,6.553811799159827e-06,2.9302473387675232e-05,9.661331708995591e-07,7.78412862669118e-06,0.0,0.0,0.0,0.0,0.0,0.0,0.0,0.0,0.0,0.0,0.0,0.0,0.0,0.0,0.0,0.0,0.0,0.0,0.0,0.0,0.0,0.0,0.0,0.0,0.0,0.0,1.4112604529344366e-06,0.0,0.0,0.0,0.0,0.0,0.0,0.0,0.0,0.0,0.0,0.0,0.0,0.0,0.0,0.0,0.0,0.0,0.0,0.0,8.948718724470978e-06,0.0,2.5874395087757747e-05,7.091755228613569e-06,6.973722898875327e-05,8.996992373702356e-06,3.4679360310388796e-05,0.0,0.0,8.011409521044163e-06
54,0.0,0.0,0.0,0.0,0.0,0.0,0.0,0.0,0.0,0.0,0.0,0.0,0.0,0.0,0.0,0.0,0.0,0.0,0.0,0.0,0.0001774058638179798,0.0,4.485254680189912e-05,0.0,3.053431173277358e-06,0.0,0.0,7.583487305654923e-06,3.251247111418839e-05,2.2091205472517465e-06,1.4664240357009866e-05,1.6574689899405908e-07,0.0,0.0,0.0,0.0,0.0,0.0,0.0,0.0,0.0,0.0,0.0,0.0,0.0,0.0,0.0,0.0,0.0,0.0,0.0,0.0,0.0,0.0,0.0,0.0,0.0,0.0,0.0010630466850384405,0.0,0.0,0.0,1.7904397640151593e-05,6.77906678044312e-05,2.554841500368401e-06,1.8328049303215635e-05,0.0,0.0,0.0,0.0,0.0,0.0,0.0,0.0,0.0,0.0,0.0,0.0,0.0,0.0,0.0,0.0,0.0,0.0,0.0,0.0,0.0,0.0,0.0,0.0,0.0,0.0,1.1664898793228735e-06,0.0,0.0,0.0,0.0,0.0,0.0,0.0,0.0,0.0,0.0,0.0,0.0,0.0,0.0,0.0,0.0,0.0,0.0,0.0,2.2917914240304197e-05,0.0,7.45688811663473e-05,1.9350647716500877e-05,0.00021106434645053025,2.703444923146359e-05,8.881179028945507e-05,0.0,0.0,2.109907031204825e-05
55,0.0,0.0,0.0,0.0,0.0,0.0,0.0,0.0,0.0,0.0,0.0,0.0,0.0,0.0,0.0,0.0,0.0,0.0,0.0,0.0,0.0001751558380549377,0.0,4.433828809575873e-05,0.0,3.018594381704021e-06,0.0,0.0,7.485420876248945e-06,3.209989042923108e-05,2.181645086063266e-06,1.4482614084355761e-05,1.637258286414109e-07,0.0,0.0,0.0,0.0,0.0,0.0,0.0,0.0,0.0,0.0,0.0,0.0,0.0,0.0,0.0,0.0,0.0,0.0,0.0,0.0,0.0,0.0,0.0,0.0,0.0,0.0,0.001038122992405258,0.0,0.0,0.0,1.750430990704318e-05,6.61029028988934e-05,2.499861485780885e-06,1.792657643219126e-05,0.0,0.0,0.0,0.0,0.0,0.0,0.0,0.0,0.0,0.0,0.0,0.0,0.0,0.0,0.0,0.0,0.0,0.0,0.0,0.0,0.0,0.0,0.0,0.0,0.0,0.0,1.1567122096726886e-06,0.0,0.0,0.0,0.0,0.0,0.0,0.0,0.0,0.0,0.0,0.0,0.0,0.0,0.0,0.0,0.0,0.0,0.0,0.0,2.2359097803476246e-05,0.0,7.245253449078647e-05,1.8761011809126948e-05,0.00020551684418666468,2.612186272197282e-05,8.633687304891517e-05,0.0,0.0,2.0382928073888098e-05
57,0.0,0.0,0.0,0.0,0.0,0.0,0.0,0.0,0.0,0.0,0.0,0.0,0.0,0.0,0.0,0.0,0.0,0.0,0.0,0.0,0.00025294839414788384,0.0,6.62222870871537e-05,0.0,4.056853972088312e-06,0.0,0.0,1.099941537893512e-05,4.9003851481531217e-05,3.2024538216649267e-06,2.1772229511530906e-05,2.2526138945363525e-07,0.0,0.0,0.0,0.0,0.0,0.0,0.0,0.0,0.0,0.0,0.0,0.0,0.0,0.0,0.0,0.0,0.0,0.0,0.0,0.0,0.0,0.0,0.0,0.0,0.0,0.0,0.025221151614219676,0.0,0.0,0.0,3.614348374692331e-05,0.0010183159436135062,6.518709490028383e-06,0.0008110164936979592,0.0,0.0,0.0,0.0,0.0,0.0,0.0,0.0,0.0,0.0,0.0,0.0,0.0,0.0,0.0,0.0,0.0,0.0,0.0,0.0,0.0,0.0,0.0,0.0,0.0,0.0,1.349365578447955e-06,0.0,0.0,0.0,0.0,0.0,0.0,0.0,0.0,0.0,0.0,0.0,0.0,0.0,0.0,0.0,0.0,0.0,0.0,0.0,0.00013908454774390897,0.0,0.00013708157578728455,4.30525238526406e-05,0.0002609049255333973,3.065330519569603e-05,0.00035618655439377056,0.0,0.0,3.192271078582075e-05
58,0.0,0.0,0.0,0.0,0.0,0.0,0.0,0.0,0.0,0.0,0.0,0.0,0.0,0.0,0.0,0.0,0.0,0.0,0.0,0.0,0.000261472620127385,0.0,6.82097745043756e-05,0.0,4.1774245570608695e-06,0.0,0.0,1.1377424124714664e-05,5.066474233496447e-05,3.3080245256054145e-06,2.2487434544360537e-05,2.325092333249137e-07,0.0,0.0,0.0,0.0,0.0,0.0,0.0,0.0,0.0,0.0,0.0,0.0,0.0,0.0,0.0,0.0,0.0,0.0,0.0,0.0,0.0,0.0,0.0,0.0,0.0,0.0,0.03340962581348006,0.0,0.0,0.0,4.296687094470066e-05,0.0010850270795246205,7.3723828274849674e-06,0.000612433814633181,0.0,0.0,0.0,0.0,0.0,0.0,0.0,0.0,0.0,0.0,0.0,0.0,0.0,0.0,0.0,0.0,0.0,0.0,0.0,0.0,0.0,0.0,0.0,0.0,0.0,0.0,1.3776046543597716e-06,0.0,0.0,0.0,0.0,0.0,0.0,0.0,0.0,0.0,0.0,0.0,0.0,0.0,0.0,0.0,0.0,0.0,0.0,0.0,8.63493921220997e-05,0.0,0.0001084941158546103,3.816523435963354e-05,0.0001903296236730311,2.6951553095756972e-05,0.0003102301781285327,0.0,0.0,2.9668824680326877e-05
59,0.0,0.0,0.0,0.0,0.0,0.0,0.0,0.0,0.0,0.0,0.0,0.0,0.0,0.0,0.0,0.0,0.0,0.0,0.0,0.0,0.0002730482813389427,0.0,7.153280291301886e-05,0.0,4.3320368810667585e-06,0.0,0.0,1.1896741944429862e-05,5.321564443129765e-05,3.4602026210408113e-06,2.358098892483863e-05,2.417225532114548e-07,0.0,0.0,0.0,0.0,0.0,0.0,0.0,0.0,0.0,0.0,0.0,0.0,0.0,0.0,0.0,0.0,0.0,0.0,0.0,0.0,0.0,0.0,0.0,0.0,0.0,0.0,0.009475429473845356,0.0,0.0,0.0,2.486856216845201e-05,0.00044716519723218113,4.020272152847169e-06,0.00010986081548952675,0.0,0.0,0.0,0.0,0.0,0.0,0.0,0.0,0.0,0.0,0.0,0.0,0.0,0.0,0.0,0.0,0.0,0.0,0.0,0.0,0.0,0.0,0.0,0.0,0.0,0.0,1.4120057109607585e-06,0.0,0.0,0.0,0.0,0.0,0.0,0.0,0.0,0.0,0.0,0.0,0.0,0.0,0.0,0.0,0.0,0.0,0.0,0.0,3.587672322124601e-05,0.0,6.594539426288081e-05,2.3161617203575196e-05,0.00011080586959576879,1.7914931954300575e-05,0.00016774196744202922,0.0,0.0,2.0575008474598497e-05
60,0.0,0.0,0.0,0.0,0.0,0.0,0.0,0.0,0.0,0.0,0.0,0.0,0.0,0.0,0.0,0.0,0.0,0.0,0.0,0.0,0.00025809539053951334,0.0,6.746478037546853e-05,0.0,4.129183325423625e-06,0.0,0.0,1.1227990109923163e-05,5.002555586568971e-05,3.2667859713746895e-06,2.2212104892260977e-05,2.2959960889141273e-07,0.0,0.0,0.0,0.0,0.0,0.0,0.0,0.0,0.0,0.0,0.0,0.0,0.0,0.0,0.0,0.0,0.0,0.0,0.0,0.0,0.0,0.0,0.0,0.0,0.0,0.0,0.029486858091142473,0.0,0.0,0.0,3.825164954471743e-05,0.0010408943651296606,6.063250591167918e-06,0.0007884819469033398,0.0,0.0,0.0,0.0,0.0,0.0,0.0,0.0,0.0,0.0,0.0,0.0,0.0,0.0,0.0,0.0,0.0,0.0,0.0,0.0,0.0,0.0,0.0,0.0,0.0,0.0,1.3662421487271477e-06,0.0,0.0,0.0,0.0,0.0,0.0,0.0,0.0,0.0,0.0,0.0,0.0,0.0,0.0,0.0,0.0,0.0,0.0,0.0,0.00010105122442943401,0.0,0.00011521066243754325,3.947907805878016e-05,0.00021520364009689063,2.801936494418452e-05,0.0003193812376962483,0.0,0.0,2.991365285450357e-05
61,0.0,0.0,0.0,0.0,0.0,0.0,0.0,0.0,0.0,0.0,0.0,0.0,0.0,0.0,0.0,0.0,0.0,0.0,0.0,0.0,0.0002357900842530547,0.0,6.113351494725892e-05,0.0,3.828873892014546e-06,0.0,0.0,1.0228503648190093e-05,4.517269060581007e-05,2.9748981306863087e-06,2.0125928387766716e-05,2.1173386941388397e-07,0.0,0.0,0.0,0.0,0.0,0.0,0.0,0.0,0.0,0.0,0.0,0.0,0.0,0.0,0.0,0.0,0.0,0.0,0.0,0.0,0.0,0.0,0.0,0.0,0.0,0.0,0.01223482178466325,0.0,0.0,0.0,0.000517314201013198,0.0007798574095719247,8.106796436860025e-05,0.00026363156585971326,0.0,0.0,0.0,0.0,0.0,0.0,0.0,0.0,0.0,0.0,0.0,0.0,0.0,0.0,0.0,0.0,0.0,0.0,0.0,0.0,0.0,0.0,0.0,0.0,0.0,0.0,1.299228968374292e-06,0.0,0.0,0.0,0.0,0.0,0.0,0.0,0.0,0.0,0.0,0.0,0.0,0.0,0.0,0.0,0.0,0.0,0.0,0.0,0.00042865588482381644,0.0,0.0004422208168599776,0.00010235467928158607,0.0009637109625187599,6.791811346161964e-05,0.0007987143772200324,0.0,0.0,6.209211733697274e-05
63,0.0,0.0,0.0,0.0,0.0,0.0,0.0,0.0,0.0,0.0,0.0,0.0,0.0,0.0,0.0,0.0,0.0,0.0,0.0,0.0,0.00027406311530013414,0.0,7.099804856998802e-05,0.0,4.356013925316126e-06,0.0,0.0,1.1935242321866318e-05,5.305887723995532e-05,3.4619565850933502e-06,2.35173228209573e-05,2.433106671577564e-07,0.0,0.0,0.0,0.0,0.0,0.0,0.0,0.0,0.0,0.0,0.0,0.0,0.0,0.0,0.0,0.0,0.0,0.0,0.0,0.0,0.0,0.0,0.0,0.0,0.0,0.0,0.0,0.0,0.0,0.0,4.845377444995796e-05,0.0008543401918176883,8.93110272597666e-06,0.00035660313301809436,0.0,0.0,0.0,0.0,0.0,0.0,0.0,0.0,0.0,0.0,0.0,0.0,0.0,0.0,0.0,0.0,0.0,0.0,0.0,0.0,0.0,0.0,0.0,0.0,0.0,0.0,1.4191107755652872e-06,0.0,0.0,0.0,0.0,0.0,0.0,0.0,0.0,0.0,0.0,0.0,0.0,0.0,0.0,0.0,0.0,0.0,0.0,0.0,4.6118001202750445e-05,0.0,7.725010358899133e-05,3.0161706828868728e-05,0.00013355317728386894,2.2213537690613424e-05,0.00023213913584598365,0.0,0.0,2.7083623949061765e-05
64,0.0,0.0,0.0,0.0,0.0,0.0,0.0,0.0,0.0,0.0,0.0,0.0,0.0,0.0,0.0,0.0,0.0,0.0,0.0,0.0,0.0002573469567267157,0.0,6.650568177634026e-05,0.0,4.130384338571951e-06,0.0,0.0,1.1187021267205734e-05,4.951229362677574e-05,3.2464824986731528e-06,2.1996517109759053e-05,2.2976642258964583e-07,0.0,0.0,0.0,0.0,0.0,0.0,0.0,0.0,0.0,0.0,0.0,0.0,0.0,0.0,0.0,0.0,0.0,0.0,0.0,0.0,0.0,0.0,0.0,0.0,0.0,0.0,0.0237199998793212,0.0,0.0,0.0,0.00011392674912352234,0.0015570551516097034,2.510102456643006e-05,0.0004922303462445814,0.0,0.0,0.0,0.0,0.0,0.0,0.0,0.0,0.0,0.0,0.0,0.0,0.0,0.0,0.0,0.0,0.0,0.0,0.0,0.0,0.0,0.0,0.0,0.0,0.0,0.0,1.3690969080619695e-06,0.0,0.0,0.0,0.0,0.0,0.0,0.0,0.0,0.0,0.0,0.0,0.0,0.0,0.0,0.0,0.0,0.0,0.0,0.0,0.0002118430739887335,0.0,0.0001729669505740651,6.197859744352359e-05,0.0002586287918554449,4.0026150132875166e-05,0.0006083670231361758,0.0,0.0,4.5041369627418846e-05
65,0.0,0.0,0.0,0.0,0.0,0.0,0.0,0.0,0.0,0.0,0.0,0.0,0.0,0.0,0.0,0.0,0.0,0.0,0.0,0.0,0.0002686836600429832,0.0,6.916163911317235e-05,0.0,4.289683688371443e-06,0.0,0.0,1.1690387802519133e-05,5.1728870509768914e-05,3.387046157999189e-06,2.2950408415030587e-05,2.3936579994300026e-07,0.0,0.0,0.0,0.0,0.0,0.0,0.0,0.0,0.0,0.0,0.0,0.0,0.0,0.0,0.0,0.0,0.0,0.0,0.0,0.0,0.0,0.0,0.0,0.0,0.0,0.0,0.03251496749250181,0.0,0.0,0.0,8.64388725272022e-05,0.002261120622661768,1.7576195813101017e-05,0.0004508984914192652,0.0,0.0,0.0,0.0,0.0,0.0,0.0,0.0,0.0,0.0,0.0,0.0,0.0,0.0,0.0,0.0,0.0,0.0,0.0,0.0,0.0,0.0,0.0,0.0,0.0,0.0,1.405830974179716e-06,0.0,0.0,0.0,0.0,0.0,0.0,0.0,0.0,0.0,0.0,0.0,0.0,0.0,0.0,0.0,0.0,0.0,0.0,0.0,7.76722876686888e-05,0.0,0.00010986637201211544,4.649650196774733e-05,0.00017979171322903535,3.0474641164561256e-05,0.000414162963078386,0.0,0.0,3.80405988108002e-05
66,0.0,0.0,0.0,0.0,0.0,0.0,0.0,0.0,0.0,0.0,0.0,0.0,0.0,0.0,0.0,0.0,0.0,0.0,0.0,0.0,0.008867818377194546,0.0,0.0008075221958180052,0.0,9.046762704139434e-05,0.0,0.0,0.00021044152945124984,0.0009494873835598293,3.5709101620805595e-05,0.0004361922639650367,2.5757836422442285e-06,0.0,0.0,0.0,0.0,0.0,0.0,0.0,0.0,0.0,0.0,0.0,0.0,0.0,0.0,0.0,0.0,0.0,0.0,0.0,0.0,0.0,0.0,0.0,0.0,0.0,0.0,0.03738926666845062,0.0,0.0,0.0,0.0002493702032602214,0.0012229521794492996,3.948720125238218e-05,0.0007541775355876337,0.0,0.0,0.0,0.0,0.0,0.0,0.0,0.0,0.0,0.0,0.0,0.0,0.0,0.0,0.0,0.0,0.0,0.0,0.0,0.0,0.0,0.0,0.0,0.0,0.0,0.0,0.0001403243328894656,0.0,0.0,0.0,0.0,0.0,0.0,0.0,0.0,0.0,0.0,0.0,0.0,0.0,0.0,0.0,0.0,0.0,0.0,0.0,0.0007837135373948121,0.0,0.0011912471375613593,0.00030422576040979875,0.0029176402645412574,0.00025944121943120054,0.001972778423307028,0.0,0.0,0.0002357899158525817
67,0.0,0.0,0.0,0.0,0.0,0.0,0.0,0.0,0.0,0.0,0.0,0.0,0.0,0.0,0.0,0.0,0.0,0.0,0.0,0.0,0.0089897498145622,0.0,0.0008155985835528594,0.0,9.162456002962107e-05,0.0,0.0,0.00021334660961748895,0.0009612576811559162,3.6165339557340345e-05,0.00044144762234518654,2.61171022070601e-06,0.0,0.0,0.0,0.0,0.0,0.0,0.0,0.0,0.0,0.0,0.0,0.0,0.0,0.0,0.0,0.0,0.0,0.0,0.0,0.0,0.0,0.0,0.0,0.0,0.0,0.0,0.039493101475898504,0.0,0.0,0.0,0.0,0.0013223230850094223,4.6250529869829395e-05,0.0007567430642812206,0.0,0.0,0.0,0.0,0.0,0.0,0.0,0.0,0.0,0.0,0.0,0.0,0.0,0.0,0.0,0.0,0.0,0.0,0.0,0.0,0.0,0.0,0.0,0.0,0.0,0.0,0.00014168812817184,0.0,0.0,0.0,0.0,0.0,0.0,0.0,0.0,0.0,0.0,0.0,0.0,0.0,0.0,0.0,0.0,0.0,0.0,0.0,0.0008898654562320439,0.0,0.0012541706209982387,0.00032650671055793737,0.0027642869381436473,0.0002669772110117827,0.0021827869840382224,0.0,0.0,0.0002497591272126257
68,0.0,0.0,0.0,0.0,0.0,0.0,0.0,0.0,0.0,0.0,0.0,0.0,0.0,0.0,0.0,0.0,0.0,0.0,0.0,0.0,0.009868091648923771,0.0,0.000887893491538208,0.0,9.943284831827272e-05,0.0,0.0,0.0002346595798525781,0.0010569528138064089,3.964509277580271e-05,0.000484017349519316,2.852647735844325e-06,0.0,0.0,0.0,0.0,0.0,0.0,0.0,0.0,0.0,0.0,0.0,0.0,0.0,0.0,0.0,0.0,0.0,0.0,0.0,0.0,0.0,0.0,0.0,0.0,0.0,0.0,0.06959362168238609,0.0,0.0,0.0,7.976315352185495e-05,0.0,1.4115247610218893e-05,0.0008757318977869811,0.0,0.0,0.0,0.0,0.0,0.0,0.0,0.0,0.0,0.0,0.0,0.0,0.0,0.0,0.0,0.0,0.0,0.0,0.0,0.0,0.0,0.0,0.0,0.0,0.0,0.0,0.00015001744519841403,0.0,0.0,0.0,0.0,0.0,0.0,0.0,0.0,0.0,0.0,0.0,0.0,0.0,0.0,0.0,0.0,0.0,0.0,0.0,0.00025197539736843,0.0,0.00022800350269191374,0.00012071781245615294,0.0006578376679671678,0.00010810839078745134,0.0007249599034820306,0.0,0.0,0.00013548436221923345
69,0.0,0.0,0.0,0.0,0.0,0.0,0.0,0.0,0.0,0.0,0.0,0.0,0.0,0.0,0.0,0.0,0.0,0.0,0.0,0.0,0.0091145988451112,0.0,0.0008269090753961438,0.0,9.271827158470965e-05,0.0,0.0,0.00021639292744574546,0.000975537546176314,3.667332427479035e-05,0.00044781342237627125,2.645043924370947e-06,0.0,0.0,0.0,0.0,0.0,0.0,0.0,0.0,0.0,0.0,0.0,0.0,0.0,0.0,0.0,0.0,0.0,0.0,0.0,0.0,0.0,0.0,0.0,0.0,0.0,0.0,0.04360882478508804,0.0,0.0,0.0,8.547610027531216e-05,0.0014467709574686534,0.0,0.0008584239121121503,0.0,0.0,0.0,0.0,0.0,0.0,0.0,0.0,0.0,0.0,0.0,0.0,0.0,0.0,0.0,0.0,0.0,0.0,0.0,0.0,0.0,0.0,0.0,0.0,0.0,0.0,0.0001428359508738873,0.0,0.0,0.0,0.0,0.0,0.0,0.0,0.0,0.0,0.0,0.0,0.0,0.0,0.0,0.0,0.0,0.0,0.0,0.0,0.0009304288131523125,0.0,0.001034857526635858,0.0002983585587892397,0.002134858620130844,0.000233022040764071,0.0021334036431015866,0.0,0.0,0.00023341654118010988
70,0.0,0.0,0.0,0.0,0.0,0.0,0.0,0.0,0.0,0.0,0.0,0.0,0.0,0.0,0.0,0.0,0.0,0.0,0.0,0.0,0.00025570607979148627,0.0,6.697349729668258e-05,0.0,4.0945039043830775e-06,0.0,0.0,1.1122631856929459e-05,4.959009766931612e-05,3.238111855442207e-06,2.2024272848658707e-05,2.2750420556658973e-07,0.0,0.0,0.0,0.0,0.0,0.0,0.0,0.0,0.0,0.0,0.0,0.0,0.0,0.0,0.0,0.0,0.0,0.0,0.0,0.0,0.0,0.0,0.0,0.0,0.0,0.0,0.026672356511670388,0.0,0.0,0.0,3.277912651658985e-05,0.0009712398345808401,5.881732259874203e-06,0.0,0.0,0.0,0.0,0.0,0.0,0.0,0.0,0.0,0.0,0.0,0.0,0.0,0.0,0.0,0.0,0.0,0.0,0.0,0.0,0.0,0.0,0.0,0.0,0.0,0.0,0.0,1.3579470140412552e-06,0.0,0.0,0.0,0.0,0.0,0.0,0.0,0.0,0.0,0.0,0.0,0.0,0.0,0.0,0.0,0.0,0.0,0.0,0.0,0.00011131166755289952,0.0,0.00012039452079772744,3.9469938127535356e-05,0.00022974129186639468,2.825859046077785e-05,0.000315931457586128,0.0,0.0,2.9532000549058816e-05
71,0.0,0.0,0.0,0.0,0.0,0.0,0.0,0.0,0.0,0.0,0.0,0.0,0.0,0.0,0.0,0.0,0.0,0.0,0.0,0.0,0.013998829448406998,0.0,0.001166770627897888,0.0,0.00014376413447118226,0.0,0.0,0.0003277676866593429,0.001425611418214651,5.358301021753963e-05,0.0006320107944959187,4.209019358161193e-06,0.0,0.0,0.0,0.0,0.0,0.0,0.0,0.0,0.0,0.0,0.0,0.0,0.0,0.0,0.0,0.0,0.0,0.0,0.0,0.0,0.0,0.0,0.0,0.0,0.0,0.0,0.00742371668689381,0.0,0.0,0.0,2.915149271031691e-05,0.00024678036771888577,4.377641248893778e-06,0.00012357706557536262,0.0,0.0,0.0,0.0,0.0,0.0,0.0,0.0,0.0,0.0,0.0,0.0,0.0,0.0,0.0,0.0,0.0,0.0,0.0,0.0,0.0,0.0,0.0,0.0,0.0,0.0,0.00022327354790407098,0.0,0.0,0.0,0.0,0.0,0.0,0.0,0.0,0.0,0.0,0.0,0.0,0.0,0.0,0.0,0.0,0.0,0.0,0.0,0.00012773248127875443,0.0,0.0003136880857626585,8.542494682041345e-05,0.0008442914521625798,9.681779360257238e-05,0.00046263343836850626,0.0,0.0,8.914222954434559e-05
72,0.0,0.0,0.0,0.0,0.0,0.0,0.0,0.0,0.0,0.0,0.0,0.0,0.0,0.0,0.0,0.0,0.0,0.0,0.0,0.0,0.013905585455416487,0.0,0.0011592337014151475,0.0,0.00014274288521702464,0.0,0.0,0.00032544869908257687,0.0014161216355354138,5.315810634878077e-05,0.0006280916521173548,4.175062179180444e-06,0.0,0.0,0.0,0.0,0.0,0.0,0.0,0.0,0.0,0.0,0.0,0.0,0.0,0.0,0.0,0.0,0.0,0.0,0.0,0.0,0.0,0.0,0.0,0.0,0.0,0.0,0.007418378344963575,0.0,0.0,0.0,2.9171711303312504e-05,0.0002466677071914005,4.379583704082085e-06,0.000123517467014811,0.0,0.0,0.0,0.0,0.0,0.0,0.0,0.0,0.0,0.0,0.0,0.0,0.0,0.0,0.0,0.0,0.0,0.0,0.0,0.0,0.0,0.0,0.0,0.0,0.0,0.0,0.00022243775485874677,0.0,0.0,0.0,0.0,0.0,0.0,0.0,0.0,0.0,0.0,0.0,0.0,0.0,0.0,0.0,0.0,0.0,0.0,0.0,0.00012776540572262022,0.0,0.00031418119280538745,8.554584280698666e-05,0.0008458023289291983,9.705332442164708e-05,0.00046289237608791473,0.0,0.0,8.932248651131636e-05
73,0.0,0.0,0.0,0.0,0.0,0.0,0.0,0.0,0.0,0.0,0.0,0.0,0.0,0.0,0.0,0.0,0.0,0.0,0.0,0.0,0.0005614493230681793,0.0,0.00012177868924102828,0.0,9.756796612590337e-06,0.0,0.0,2.383867233587565e-05,9.489528777731515e-05,6.588983124420537e-06,4.150504462351094e-05,5.439110240489375e-07,0.0,0.0,0.0,0.0,0.0,0.0,0.0,0.0,0.0,0.0,0.0,0.0,0.0,0.0,0.0,0.0,0.0,0.0,0.0,0.0,0.0,0.0,0.0,0.0,0.0,0.0,0.0004022086567569901,0.0,0.0,0.0,4.83144461145668e-06,2.4595973239924036e-05,7.316462999060928e-07,6.4646796348850196e-06,0.0,0.0,0.0,0.0,0.0,0.0,0.0,0.0,0.0,0.0,0.0,0.0,0.0,0.0,0.0,0.0,0.0,0.0,0.0,0.0,0.0,0.0,0.0,0.0,0.0,0.0,3.16206708285811e-06,0.0,0.0,0.0,0.0,0.0,0.0,0.0,0.0,0.0,0.0,0.0,0.0,0.0,0.0,0.0,0.0,0.0,0.0,0.0,6.9678710490201765e-06,0.0,1.780737917762603e-05,5.023319537989645e-06,4.653194622373911e-05,5.7964809670449e-06,2.6597839635973043e-05,0.0,0.0,5.5170865868069364e-06
74,0.0,0.0,0.0,0.0,0.0,0.0,0.0,0.0,0.0,0.0,0.0,0.0,0.0,0.0,0.0,0.0,0.0,0.0,0.0,0.0,0.014229806651861849,0.0,0.0011816273479487527,0.0,0.00014560642965402354,0.0,0.0,0.00033063617840850697,0.0014379939434944547,5.451181684490337e-05,0.0006399757990145001,4.278404491477492e-06,0.0,0.0,0.0,0.0,0.0,0.0,0.0,0.0,0.0,0.0,0.0,0.0,0.0,0.0,0.0,0.0,0.0,0.0,0.0,0.0,0.0,0.0,0.0,0.0,0.0,0.0,0.007485579035509933,0.0,0.0,0.0,2.9297707808818193e-05,0.00024874370560197404,4.4021990763752115e-06,0.00012451875645656278,0.0,0.0,0.0,0.0,0.0,0.0,0.0,0.0,0.0,0.0,0.0,0.0,0.0,0.0,0.0,0.0,0.0,0.0,0.0,0.0,0.0,0.0,0.0,0.0,0.0,0.0,0.00022427903650069713,0.0,0.0,0.0,0.0,0.0,0.0,0.0,0.0,0.0,0.0,0.0,0.0,0.0,0.0,0.0,0.0,0.0,0.0,0.0,0.00012853978502527989,0.0,0.0003148545219467863,8.57929557345127e-05,0.0008468518197515799,9.702332661406627e-05,0.0004654146739731918,0.0,0.0,8.944253184659555e-05
75,0.0,0.0,0.0,0.0,0.0,0.0,0.0,0.0,0.0,0.0,0.0,0.0,0.0,0.0,0.0,0.0,0.0,0.0,0.0,0.0,0.0006116711443105815,0.0,0.00012986011871201527,0.0,1.0418939241051915e-05,0.0,0.0,2.551737940241488e-05,0.00010121549542666481,7.148684425445196e-06,4.4812765939650874e-05,5.891653983012868e-07,0.0,0.0,0.0,0.0,0.0,0.0,0.0,0.0,0.0,0.0,0.0,0.0,0.0,0.0,0.0,0.0,0.0,0.0,0.0,0.0,0.0,0.0,0.0,0.0,0.0,0.0,0.0004197585051698334,0.0,0.0,0.0,4.981911759320391e-06,2.5643987102465784e-05,7.560231755682035e-07,6.726997073878232e-06,0.0,0.0,0.0,0.0,0.0,0.0,0.0,0.0,0.0,0.0,0.0,0.0,0.0,0.0,0.0,0.0,0.0,0.0,0.0,0.0,0.0,0.0,0.0,0.0,0.0,0.0,3.2414156289583627e-06,0.0,0.0,0.0,0.0,0.0,0.0,0.0,0.0,0.0,0.0,0.0,0.0,0.0,0.0,0.0,0.0,0.0,0.0,0.0,7.222075701314369e-06,0.0,1.830992427924361e-05,5.177747580333893e-06,4.771767855968853e-05,5.9333749363041995e-06,2.755878288092604e-05,0.0,0.0,5.675396058045038e-06
76,0.0,0.0,0.0,0.0,0.0,0.0,0.0,0.0,0.0,0.0,0.0,0.0,0.0,0.0,0.0,0.0,0.0,0.0,0.0,0.0,0.015301667369873713,0.0,0.0012470080737609266,0.0,0.00015398795530826377,0.0,0.0,0.0003523702033032107,0.0015094965659967342,5.843150967894798e-05,0.0006848834761577443,4.580100650653692e-06,0.0,0.0,0.0,0.0,0.0,0.0,0.0,0.0,0.0,0.0,0.0,0.0,0.0,0.0,0.0,0.0,0.0,0.0,0.0,0.0,0.0,0.0,0.0,0.0,0.0,0.0,0.0075699269712260694,0.0,0.0,0.0,2.9242706596750836e-05,0.000250924680808438,4.404114733354851e-06,0.0001256489804978764,0.0,0.0,0.0,0.0,0.0,0.0,0.0,0.0,0.0,0.0,0.0,0.0,0.0,0.0,0.0,0.0,0.0,0.0,0.0,0.0,0.0,0.0,0.0,0.0,0.0,0.0,0.00022982831166646486,0.0,0.0,0.0,0.0,0.0,0.0,0.0,0.0,0.0,0.0,0.0,0.0,0.0,0.0,0.0,0.0,0.0,0.0,0.0,0.00012880766657491296,0.0,0.0003116053950076013,8.502024198688349e-05,0.000836488884028706,9.522372129146931e-05,0.00046499429420330884,0.0,0.0,8.81063803583543e-05
77,0.0,0.0,0.0,0.0,0.0,0.0,0.0,0.0,0.0,0.0,0.0,0.0,0.0,0.0,0.0,0.0,0.0,0.0,0.0,0.0,0.0007280687423182905,0.0,0.0001482329013616768,0.0,1.1956017289510905e-05,0.0,0.0,3.058597198168093e-05,0.00011744999707897987,8.433597602506912e-06,5.262991340116455e-05,6.943484893555735e-07,0.0,0.0,0.0,0.0,0.0,0.0,0.0,0.0,0.0,0.0,0.0,0.0,0.0,0.0,0.0,0.0,0.0,0.0,0.0,0.0,0.0,0.0,0.0,0.0,0.0,0.0,0.0004388304984521183,0.0,0.0,0.0,5.086451615844325e-06,2.6707394257163917e-05,7.750487346104955e-07,7.000800019290113e-06,0.0,0.0,0.0,0.0,0.0,0.0,0.0,0.0,0.0,0.0,0.0,0.0,0.0,0.0,0.0,0.0,0.0,0.0,0.0,0.0,0.0,0.0,0.0,0.0,0.0,0.0,3.437133718704857e-06,0.0,0.0,0.0,0.0,0.0,0.0,0.0,0.0,0.0,0.0,0.0,0.0,0.0,0.0,0.0,0.0,0.0,0.0,0.0,7.432045001857497e-06,0.0,1.847136291577708e-05,5.238490890753852e-06,4.7977446513642234e-05,5.9497896471151495e-06,2.8244324600905497e-05,0.0,0.0,5.697551803151446e-06
78,0.0,0.0,0.0,0.0,0.0,0.0,0.0,0.0,0.0,0.0,0.0,0.0,0.0,0.0,0.0,0.0,0.0,0.0,0.0,0.0,0.016619244804458727,0.0,0.0013242031699076152,0.0,0.00016342339283523266,0.0,0.0,0.00038474592722639465,0.0016247182707563425,6.321826717224775e-05,0.0007398434847181603,4.940307913944877e-06,0.0,0.0,0.0,0.0,0.0,0.0,0.0,0.0,0.0,0.0,0.0,0.0,0.0,0.0,0.0,0.0,0.0,0.0,0.0,0.0,0.0,0.0,0.0,0.0,0.0,0.0,0.0075927590473453465,0.0,0.0,0.0,2.8890888364768012e-05,0.00025076408619960404,4.36270522699031e-06,0.0001257770076566369,0.0,0.0,0.0,0.0,0.0,0.0,0.0,0.0,0.0,0.0,0.0,0.0,0.0,0.0,0.0,0.0,0.0,0.0,0.0,0.0,0.0,0.0,0.0,0.0,0.0,0.0,0.0002352519353553365,0.0,0.0,0.0,0.0,0.0,0.0,0.0,0.0,0.0,0.0,0.0,0.0,0.0,0.0,0.0,0.0,0.0,0.0,0.0,0.00012771942776823074,0.0,0.0003051749558979376,8.32035464813166e-05,0.0008198013646582992,9.306332746673586e-05,0.0004587763491209425,0.0,0.0,8.584807088901796e-05
79,0.0,0.0,0.0,0.0,0.0,0.0,0.0,0.0,0.0,0.0,0.0,0.0,0.0,0.0,0.0,0.0,0.0,0.0,0.0,0.0,0.0007757679433574701,0.0,0.0001573532067856542,0.0,1.3020758550294842e-05,0.0,0.0,3.290117933452278e-05,0.00012764179726076406,8.958274655627004e-06,5.555781021277843e-05,7.488646345183438e-07,0.0,0.0,0.0,0.0,0.0,0.0,0.0,0.0,0.0,0.0,0.0,0.0,0.0,0.0,0.0,0.0,0.0,0.0,0.0,0.0,0.0,0.0,0.0,0.0,0.0,0.0,0.0004041675285196733,0.0,0.0,0.0,4.68008742570152e-06,2.4508783814900666e-05,7.131999000947023e-07,6.461715322653942e-06,0.0,0.0,0.0,0.0,0.0,0.0,0.0,0.0,0.0,0.0,0.0,0.0,0.0,0.0,0.0,0.0,0.0,0.0,0.0,0.0,0.0,0.0,0.0,0.0,0.0,0.0,3.683012639411863e-06,0.0,0.0,0.0,0.0,0.0,0.0,0.0,0.0,0.0,0.0,0.0,0.0,0.0,0.0,0.0,0.0,0.0,0.0,0.0,6.812904282578683e-06,0.0,1.683672986354973e-05,4.753520126966422e-06,4.3911180264388506e-05,5.395755815799285e-06,2.5733440661382945e-05,0.0,0.0,5.152728088922122e-06
80,0.0,0.0,0.0,0.0,0.0,0.0,0.0,0.0,0.0,0.0,0.0,0.0,0.0,0.0,0.0,0.0,0.0,0.0,0.0,0.0,0.0004978415866969414,0.0,0.00010740839107938571,0.0,8.535365176561616e-06,0.0,0.0,2.0906859671934092e-05,8.381504914675642e-05,5.824428451054101e-06,3.7087282899512057e-05,4.6305907403089235e-07,0.0,0.0,0.0,0.0,0.0,0.0,0.0,0.0,0.0,0.0,0.0,0.0,0.0,0.0,0.0,0.0,0.0,0.0,0.0,0.0,0.0,0.0,0.0,0.0,0.0,0.0,0.00035449041166896644,0.0,0.0,0.0,4.356779508395801e-06,2.168090970606467e-05,6.570936162270429e-07,5.736107038344053e-06,0.0,0.0,0.0,0.0,0.0,0.0,0.0,0.0,0.0,0.0,0.0,0.0,0.0,0.0,0.0,0.0,0.0,0.0,0.0,0.0,0.0,0.0,0.0,0.0,0.0,0.0,3.0272763623611094e-06,0.0,0.0,0.0,0.0,0.0,0.0,0.0,0.0,0.0,0.0,0.0,0.0,0.0,0.0,0.0,0.0,0.0,0.0,0.0,6.208700823261772e-06,0.0,1.604680428173131e-05,4.497720077524038e-06,4.220168550362781e-05,5.246239450246334e-06,2.3639755449730202e-05,0.0,0.0,4.939413887201311e-06
81,0.0,0.0,0.0,0.0,0.0,0.0,0.0,0.0,0.0,0.0,0.0,0.0,0.0,0.0,0.0,0.0,0.0,0.0,0.0,0.0,0.0005359704936573269,0.0,0.00011434359722542662,0.0,9.121600751660594e-06,0.0,0.0,2.2497004064694326e-05,8.966816560702294e-05,6.251489792868826e-06,3.968636535653334e-05,4.992444533415743e-07,0.0,0.0,0.0,0.0,0.0,0.0,0.0,0.0,0.0,0.0,0.0,0.0,0.0,0.0,0.0,0.0,0.0,0.0,0.0,0.0,0.0,0.0,0.0,0.0,0.0,0.0,0.000350855707987989,0.0,0.0,0.0,4.280306126535241e-06,2.1420934676699948e-05,6.463803000010813e-07,5.671540350151877e-06,0.0,0.0,0.0,0.0,0.0,0.0,0.0,0.0,0.0,0.0,0.0,0.0,0.0,0.0,0.0,0.0,0.0,0.0,0.0,0.0,0.0,0.0,0.0,0.0,0.0,0.0,3.1751134946808306e-06,0.0,0.0,0.0,0.0,0.0,0.0,0.0,0.0,0.0,0.0,0.0,0.0,0.0,0.0,0.0,0.0,0.0,0.0,0.0,6.1108905746304815e-06,0.0,1.5681015213383627e-05,4.397326293649742e-06,4.1205002121169616e-05,5.1023066864401795e-06,2.3217820184125343e-05,0.0,0.0,4.813303298316782e-06
82,0.0,0.0,0.0,0.0,0.0,0.0,0.0,0.0,0.0,0.0,0.0,0.0,0.0,0.0,0.0,0.0,0.0,0.0,0.0,0.0,0.00046866380562994624,0.0,0.00030473971404502493,0.0,1.1712062330145623e-05,0.0,0.0,1.8009376809987086e-05,0.00010134986488461417,6.9166298438972755e-06,5.115456184496886e-05,4.6125428687477107e-07,0.0,0.0,0.0,0.0,0.0,0.0,0.0,0.0,0.0,0.0,0.0,0.0,0.0,0.0,0.0,0.0,0.0,0.0,0.0,0.0,0.0,0.0,0.0,0.0,0.0,0.0,7.824628969814442e-05,0.0,0.0,0.0,9.464021442704995e-07,4.528174547672581e-06,1.4336182892738786e-07,1.3155318502131417e-06,0.0,0.0,0.0,0.0,0.0,0.0,0.0,0.0,0.0,0.0,0.0,0.0,0.0,0.0,0.0,0.0,0.0,0.0,0.0,0.0,0.0,0.0,0.0,0.0,0.0,0.0,5.293056458969933e-05,0.0,0.0,0.0,0.0,0.0,0.0,0.0,0.0,0.0,0.0,0.0,0.0,0.0,0.0,0.0,0.0,0.0,0.0,0.0,1.283476595575509e-06,0.0,2.880381973858155e-06,7.736675304948834e-07,7.808372988904916e-06,8.391690585341352e-07,4.44773026375655e-06,0.0,0.0,7.555076950218112e-07
83,0.0,0.0,0.0,0.0,0.0,0.0,0.0,0.0,0.0,0.0,0.0,0.0,0.0,0.0,0.0,0.0,0.0,0.0,0.0,0.0,0.0004966887317677754,0.0,0.0003256013594278787,0.0,1.264979431596254e-05,0.0,0.0,1.9045176037949593e-05,0.0001068551241343692,7.335488114015492e-06,5.411415512656339e-05,4.917772103816524e-07,0.0,0.0,0.0,0.0,0.0,0.0,0.0,0.0,0.0,0.0,0.0,0.0,0.0,0.0,0.0,0.0,0.0,0.0,0.0,0.0,0.0,0.0,0.0,0.0,0.0,0.0,8.001680111778295e-05,0.0,0.0,0.0,9.666225779864514e-07,4.63220769521368e-06,1.4644498813211167e-07,1.3443675414547155e-06,0.0,0.0,0.0,0.0,0.0,0.0,0.0,0.0,0.0,0.0,0.0,0.0,0.0,0.0,0.0,0.0,0.0,0.0,0.0,0.0,0.0,0.0,0.0,0.0,0.0,0.0,5.8720135205040516e-05,0.0,0.0,0.0,0.0,0.0,0.0,0.0,0.0,0.0,0.0,0.0,0.0,0.0,0.0,0.0,0.0,0.0,0.0,0.0,1.3119806248238576e-06,0.0,2.946079594190284e-06,7.917459394997875e-07,7.982800725549533e-06,8.589284478631864e-07,4.550172525432614e-06,0.0,0.0,7.737749730534949e-07
85,0.0,0.0,0.0,0.0,0.0,0.0,0.0,0.0,0.0,0.0,0.0,0.0,0.0,0.0,0.0,0.0,0.0,0.0,0.0,0.0,0.0006610916949350038,0.0,0.00019977726285700276,0.0,1.711532785524501e-05,0.0,0.0,2.5685611223879685e-05,0.0001103433171684303,8.396181979183256e-06,5.374405980370439e-05,7.106137521015836e-07,0.0,0.0,0.0,0.0,0.0,0.0,0.0,0.0,0.0,0.0,0.0,0.0,0.0,0.0,0.0,0.0,0.0,0.0,0.0,0.0,0.0,0.0,0.0,0.0,0.0,0.0,0.00012160322739347641,0.0,0.0,0.0,1.4850670849733239e-06,7.200045030589824e-06,2.2422597943024058e-07,2.01121722404207e-06,0.0,0.0,0.0,0.0,0.0,0.0,0.0,0.0,0.0,0.0,0.0,0.0,0.0,0.0,0.0,0.0,0.0,0.0,0.0,0.0,0.0,0.0,0.0,0.0,0.0,0.0,1.2551146981267557e-05,0.0,0.0,0.0,0.0,0.0,0.0,0.0,0.0,0.0,0.0,0.0,0.0,0.0,0.0,0.0,0.0,0.0,0.0,0.0,2.0450960369462283e-06,0.0,4.891564009240462e-06,1.334685490967581e-06,1.3123512943325462e-05,1.4957725053859131e-06,7.36686122386173e-06,0.0,0.0,1.3687442564554352e-06
86,0.0,0.0,0.0,0.0,0.0,0.0,0.0,0.0,0.0,0.0,0.0,0.0,0.0,0.0,0.0,0.0,0.0,0.0,0.0,0.0,0.0005995939707660259,0.0,0.00018472470488296744,0.0,1.5411840096148553e-05,0.0,0.0,2.3339681539439594e-05,0.00010094728242689793,7.639761177089194e-06,4.912941624325596e-05,6.409573978211722e-07,0.0,0.0,0.0,0.0,0.0,0.0,0.0,0.0,0.0,0.0,0.0,0.0,0.0,0.0,0.0,0.0,0.0,0.0,0.0,0.0,0.0,0.0,0.0,0.0,0.0,0.0,0.00011612770392762365,0.0,0.0,0.0,1.4233023845522432e-06,6.876162012124873e-06,2.1476747823106018e-07,1.9227069442469665e-06,0.0,0.0,0.0,0.0,0.0,0.0,0.0,0.0,0.0,0.0,0.0,0.0,0.0,0.0,0.0,0.0,0.0,0.0,0.0,0.0,0.0,0.0,0.0,0.0,0.0,0.0,1.2721107819924181e-05,0.0,0.0,0.0,0.0,0.0,0.0,0.0,0.0,0.0,0.0,0.0,0.0,0.0,0.0,0.0,0.0,0.0,0.0,0.0,1.956360354589071e-06,0.0,4.686904566142813e-06,1.2776907259252615e-06,1.2586120243864087e-05,1.4339583914040797e-06,7.044570297423152e-06,0.0,0.0,1.3103331400027898e-06
87,0.0,0.0,0.0,0.0,0.0,0.0,0.0,0.0,0.0,0.0,0.0,0.0,0.0,0.0,0.0,0.0,0.0,0.0,0.0,0.0,0.0006433329338790839,0.0,0.00031943113645266727,0.0,1.925796705638896e-05,0.0,0.0,2.442329727477584e-05,0.00012409842888467206,9.118625726562588e-06,6.333420970519258e-05,6.821287627937667e-07,0.0,0.0,0.0,0.0,0.0,0.0,0.0,0.0,0.0,0.0,0.0,0.0,0.0,0.0,0.0,0.0,0.0,0.0,0.0,0.0,0.0,0.0,0.0,0.0,0.0,0.0,8.9083790857601e-05,0.0,0.0,0.0,1.0721019981775478e-06,5.174313367353367e-06,1.621732823216058e-07,1.4888525182006204e-06,0.0,0.0,0.0,0.0,0.0,0.0,0.0,0.0,0.0,0.0,0.0,0.0,0.0,0.0,0.0,0.0,0.0,0.0,0.0,0.0,0.0,0.0,0.0,0.0,0.0,0.0,0.0001414766176943359,0.0,0.0,0.0,0.0,0.0,0.0,0.0,0.0,0.0,0.0,0.0,0.0,0.0,0.0,0.0,0.0,0.0,0.0,0.0,1.4625760503061649e-06,0.0,3.3656575865884134e-06,9.102470985584139e-07,9.083419279220795e-06,1.0021128435570527e-06,5.1552472890250325e-06,0.0,0.0,9.049414362948877e-07
88,0.0,0.0,0.0,0.0,0.0,0.0,0.0,0.0,0.0,0.0,0.0,0.0,0.0,0.0,0.0,0.0,0.0,0.0,0.0,0.0,0.0006723836918253714,0.0,0.00034674772155639076,0.0,2.0299620662139918e-05,0.0,0.0,2.547488072724013e-05,0.00013121352724219322,9.615970582082268e-06,6.722501095672992e-05,7.117837416647194e-07,0.0,0.0,0.0,0.0,0.0,0.0,0.0,0.0,0.0,0.0,0.0,0.0,0.0,0.0,0.0,0.0,0.0,0.0,0.0,0.0,0.0,0.0,0.0,0.0,0.0,0.0,8.99882267501513e-05,0.0,0.0,0.0,1.0855707212979057e-06,5.245135243777879e-06,1.642844239025021e-07,1.5043349110404967e-06,0.0,0.0,0.0,0.0,0.0,0.0,0.0,0.0,0.0,0.0,0.0,0.0,0.0,0.0,0.0,0.0,0.0,0.0,0.0,0.0,0.0,0.0,0.0,0.0,0.0,0.0,0.00014020103582669432,0.0,0.0,0.0,0.0,0.0,0.0,0.0,0.0,0.0,0.0,0.0,0.0,0.0,0.0,0.0,0.0,0.0,0.0,0.0,1.481568263391826e-06,0.0,3.3989878848585463e-06,9.190846927815311e-07,9.172928722325408e-06,1.0097387307293802e-06,5.214948750943524e-06,0.0,0.0,9.123188708382223e-07
90,0.0,0.0,0.0,0.0,0.0,0.0,0.0,0.0,0.0,0.0,0.0,0.0,0.0,0.0,0.0,0.0,0.0,0.0,0.0,0.0,0.000656936560565047,0.0,0.00034749147877961856,0.0,1.962892084907165e-05,0.0,0.0,2.4896435387959067e-05,0.00012962061507144955,9.441791179583826e-06,6.640981197422971e-05,6.912035901445164e-07,0.0,0.0,0.0,0.0,0.0,0.0,0.0,0.0,0.0,0.0,0.0,0.0,0.0,0.0,0.0,0.0,0.0,0.0,0.0,0.0,0.0,0.0,0.0,0.0,0.0,0.0,8.89511127555045e-05,0.0,0.0,0.0,1.0743378039902809e-06,5.187853740602932e-06,1.6260033652563708e-07,1.485297755931052e-06,0.0,0.0,0.0,0.0,0.0,0.0,0.0,0.0,0.0,0.0,0.0,0.0,0.0,0.0,0.0,0.0,0.0,0.0,0.0,0.0,0.0,0.0,0.0,0.0,0.0,0.0,0.00015409825066801963,0.0,0.0,0.0,0.0,0.0,0.0,0.0,0.0,0.0,0.0,0.0,0.0,0.0,0.0,0.0,0.0,0.0,0.0,0.0,1.465627876111612e-06,0.0,3.3566232916279035e-06,9.072011659706114e-07,9.061376974362459e-06,9.956706908321131e-07,5.1527956986595374e-06,0.0,0.0,8.994258146398671e-07
91,0.0,0.0,0.0,0.0,0.0,0.0,0.0,0.0,0.0,0.0,0.0,0.0,0.0,0.0,0.0,0.0,0.0,0.0,0.0,0.0,0.0004874529168113574,0.0,0.00028933558827517076,0.0,1.3222546404826914e-05,0.0,0.0,1.863845279395331e-05,0.00010065141682809141,7.019193935337838e-06,5.0891546380836115e-05,4.962183681209651e-07,0.0,0.0,0.0,0.0,0.0,0.0,0.0,0.0,0.0,0.0,0.0,0.0,0.0,0.0,0.0,0.0,0.0,0.0,0.0,0.0,0.0,0.0,0.0,0.0,0.0,0.0,7.8821277110352e-05,0.0,0.0,0.0,9.555325475830985e-07,4.578186625444218e-06,1.4461755950275378e-07,1.322221376293342e-06,0.0,0.0,0.0,0.0,0.0,0.0,0.0,0.0,0.0,0.0,0.0,0.0,0.0,0.0,0.0,0.0,0.0,0.0,0.0,0.0,0.0,0.0,0.0,0.0,0.0,0.0,0.00011756865540005547,0.0,0.0,0.0,0.0,0.0,0.0,0.0,0.0,0.0,0.0,0.0,0.0,0.0,0.0,0.0,0.0,0.0,0.0,0.0,1.2974863935121387e-06,0.0,2.9424498605457925e-06,7.9209871681232e-07,7.96667310472901e-06,8.648046295302957e-07,4.52506705536153e-06,0.0,0.0,7.788775710868835e-07
92,0.0,0.0,0.0,0.0,0.0,0.0,0.0,0.0,0.0,0.0,0.0,0.0,0.0,0.0,0.0,0.0,0.0,0.0,0.0,0.0,0.0005126296447876505,0.0,0.0002980811284104088,0.0,1.4268369641342918e-05,0.0,0.0,1.956060852793368e-05,0.00010567897031183115,7.393317702750177e-06,5.360553988253999e-05,5.273581173919904e-07,0.0,0.0,0.0,0.0,0.0,0.0,0.0,0.0,0.0,0.0,0.0,0.0,0.0,0.0,0.0,0.0,0.0,0.0,0.0,0.0,0.0,0.0,0.0,0.0,0.0,0.0,8.05833871747247e-05,0.0,0.0,0.0,9.764865368313427e-07,4.685789610177172e-06,1.4777465319939767e-07,1.3503467004548218e-06,0.0,0.0,0.0,0.0,0.0,0.0,0.0,0.0,0.0,0.0,0.0,0.0,0.0,0.0,0.0,0.0,0.0,0.0,0.0,0.0,0.0,0.0,0.0,0.0,0.0,0.0,0.0001881176641955268,0.0,0.0,0.0,0.0,0.0,0.0,0.0,0.0,0.0,0.0,0.0,0.0,0.0,0.0,0.0,0.0,0.0,0.0,0.0,1.3271972891089977e-06,0.0,3.0185369334833844e-06,8.133460429657307e-07,8.167365401944357e-06,8.894653068965086e-07,4.63849220195163e-06,0.0,0.0,8.01537006311714e-07
93,0.0,0.0,0.0,0.0,0.0,0.0,0.0,0.0,0.0,0.0,0.0,0.0,0.0,0.0,0.0,0.0,0.0,0.0,0.0,0.0,0.0005347071731116423,0.0,0.00028528554713782607,0.0,1.5086721244376093e-05,0.0,0.0,2.0380731129712346e-05,0.00010705868781103094,7.666216996400311e-06,5.4333654031943556e-05,5.519921292359587e-07,0.0,0.0,0.0,0.0,0.0,0.0,0.0,0.0,0.0,0.0,0.0,0.0,0.0,0.0,0.0,0.0,0.0,0.0,0.0,0.0,0.0,0.0,0.0,0.0,0.0,0.0,8.19323346118338e-05,0.0,0.0,0.0,9.942114840856408e-07,4.77601605811337e-06,1.503714320263791e-07,1.3707932053578855e-06,0.0,0.0,0.0,0.0,0.0,0.0,0.0,0.0,0.0,0.0,0.0,0.0,0.0,0.0,0.0,0.0,0.0,0.0,0.0,0.0,0.0,0.0,0.0,0.0,0.0,0.0,0.0003569300589121438,0.0,0.0,0.0,0.0,0.0,0.0,0.0,0.0,0.0,0.0,0.0,0.0,0.0,0.0,0.0,0.0,0.0,0.0,0.0,1.3525583614911006e-06,0.0,3.0978347818489588e-06,8.359756388294555e-07,8.374632881521314e-06,9.18168572974458e-07,4.74759538720506e-06,0.0,0.0,8.276280469337188e-07
94,0.0,0.0,0.0,0.0,0.0,0.0,0.0,0.0,0.0,0.0,0.0,0.0,0.0,0.0,0.0,0.0,0.0,0.0,0.0,0.0,0.0005312977392693226,0.0,0.0002925313411632608,0.0,1.4923868919793747e-05,0.0,0.0,2.024933091937461e-05,0.00010769798578633281,7.664014704408326e-06,5.468845343251528e-05,5.459052143127857e-07,0.0,0.0,0.0,0.0,0.0,0.0,0.0,0.0,0.0,0.0,0.0,0.0,0.0,0.0,0.0,0.0,0.0,0.0,0.0,0.0,0.0,0.0,0.0,0.0,0.0,0.0,8.17724006652647e-05,0.0,0.0,0.0,9.915899664344557e-07,4.762973044357362e-06,1.5000775611200835e-07,1.3686859228250504e-06,0.0,0.0,0.0,0.0,0.0,0.0,0.0,0.0,0.0,0.0,0.0,0.0,0.0,0.0,0.0,0.0,0.0,0.0,0.0,0.0,0.0,0.0,0.0,0.0,0.0,0.0,0.0003450558664934655,0.0,0.0,0.0,0.0,0.0,0.0,0.0,0.0,0.0,0.0,0.0,0.0,0.0,0.0,0.0,0.0,0.0,0.0,0.0,1.3487609227796066e-06,0.0,3.082088357535562e-06,8.313803685027734e-07,8.333843376806178e-06,9.118075986219006e-07,4.7279794753e-06,0.0,0.0,8.219106102988132e-07
95,0.0,0.0,0.0,0.0,0.0,0.0,0.0,0.0,0.0,0.0,0.0,0.0,0.0,0.0,0.0,0.0,0.0,0.0,0.0,0.0,0.0005269126062555176,0.0,0.00029665981623932017,0.0,1.4843845064096104e-05,0.0,0.0,2.0084686830153728e-05,0.00010778751091544336,7.633028800728913e-06,5.474038813238767e-05,5.438782168214405e-07,0.0,0.0,0.0,0.0,0.0,0.0,0.0,0.0,0.0,0.0,0.0,0.0,0.0,0.0,0.0,0.0,0.0,0.0,0.0,0.0,0.0,0.0,0.0,0.0,0.0,0.0,8.158257802950895e-05,0.0,0.0,0.0,9.88891345656322e-07,4.749307131798495e-06,1.4962059345584356e-07,1.3659443229163234e-06,0.0,0.0,0.0,0.0,0.0,0.0,0.0,0.0,0.0,0.0,0.0,0.0,0.0,0.0,0.0,0.0,0.0,0.0,0.0,0.0,0.0,0.0,0.0,0.0,0.0,0.0,0.00029423686993945974,0.0,0.0,0.0,0.0,0.0,0.0,0.0,0.0,0.0,0.0,0.0,0.0,0.0,0.0,0.0,0.0,0.0,0.0,0.0,1.3448721228827976e-06,0.0,3.068341310462781e-06,8.274126786984733e-07,8.298089196700985e-06,9.065596789829629e-07,4.709886221732552e-06,0.0,0.0,8.171621949576013e-07
96,0.0,0.0,0.0,0.0,0.0,0.0,0.0,0.0,0.0,0.0,0.0,0.0,0.0,0.0,0.0,0.0,0.0,0.0,0.0,0.0,0.0005584863213902823,0.0,0.00029704631006386735,0.0,1.594802030705669e-05,0.0,0.0,2.126237741067018e-05,0.000111421110136412,8.008874893781566e-06,5.665685677859054e-05,5.789538585718305e-07,0.0,0.0,0.0,0.0,0.0,0.0,0.0,0.0,0.0,0.0,0.0,0.0,0.0,0.0,0.0,0.0,0.0,0.0,0.0,0.0,0.0,0.0,0.0,0.0,0.0,0.0,8.339014202150507e-05,0.0,0.0,0.0,1.010945504477033e-06,4.861756030853481e-06,1.5292209242709552e-07,1.3945701859052458e-06,0.0,0.0,0.0,0.0,0.0,0.0,0.0,0.0,0.0,0.0,0.0,0.0,0.0,0.0,0.0,0.0,0.0,0.0,0.0,0.0,0.0,0.0,0.0,0.0,0.0,0.0,0.0002919818034967191,0.0,0.0,0.0,0.0,0.0,0.0,0.0,0.0,0.0,0.0,0.0,0.0,0.0,0.0,0.0,0.0,0.0,0.0,0.0,1.3761398654110133e-06,0.0,3.1522595503872943e-06,8.509584035806159e-07,8.519112823687126e-06,9.345663673588528e-07,4.83240583792442e-06,0.0,0.0,8.42789126928893e-07
97,0.0,0.0,0.0,0.0,0.0,0.0,0.0,0.0,0.0,0.0,0.0,0.0,0.0,0.0,0.0,0.0,0.0,0.0,0.0,0.0,0.0005127306879029933,0.0,0.0002645084685948903,0.0,1.44078096375137e-05,0.0,0.0,1.9572330224242335e-05,0.00010160352708818253,7.296556443329319e-06,5.141361883929706e-05,5.304617342615115e-07,0.0,0.0,0.0,0.0,0.0,0.0,0.0,0.0,0.0,0.0,0.0,0.0,0.0,0.0,0.0,0.0,0.0,0.0,0.0,0.0,0.0,0.0,0.0,0.0,0.0,0.0,8.054597641535209e-05,0.0,0.0,0.0,9.792509804465729e-07,4.6988455845949195e-06,1.4804751668362057e-07,1.3475821690875144e-06,0.0,0.0,0.0,0.0,0.0,0.0,0.0,0.0,0.0,0.0,0.0,0.0,0.0,0.0,0.0,0.0,0.0,0.0,0.0,0.0,0.0,0.0,0.0,0.0,0.0,0.0,0.0003761826117668211,0.0,0.0,0.0,0.0,0.0,0.0,0.0,0.0,0.0,0.0,0.0,0.0,0.0,0.0,0.0,0.0,0.0,0.0,0.0,1.33158919930262e-06,0.0,3.057870636063631e-06,8.252831424308866e-07,8.267363307790597e-06,9.080796022053866e-07,4.679343211500013e-06,0.0,0.0,8.180933376188622e-07
98,0.0,0.0,0.0,0.0,0.0,0.0,0.0,0.0,0.0,0.0,0.0,0.0,0.0,0.0,0.0,0.0,0.0,0.0,0.0,0.0,0.000504871570339841,0.0,0.00026783306267388863,0.0,1.4055113661429806e-05,0.0,0.0,1.9274231381577806e-05,0.00010118863713682136,7.222729775172174e-06,5.121116539655844e-05,5.19233614184528e-07,0.0,0.0,0.0,0.0,0.0,0.0,0.0,0.0,0.0,0.0,0.0,0.0,0.0,0.0,0.0,0.0,0.0,0.0,0.0,0.0,0.0,0.0,0.0,0.0,0.0,0.0,8.002347941629704e-05,0.0,0.0,0.0,9.725074588649421e-07,4.664865203376314e-06,1.4705307030284165e-07,1.3394899589831376e-06,0.0,0.0,0.0,0.0,0.0,0.0,0.0,0.0,0.0,0.0,0.0,0.0,0.0,0.0,0.0,0.0,0.0,0.0,0.0,0.0,0.0,0.0,0.0,0.0,0.0,0.0,0.000502536823145655,0.0,0.0,0.0,0.0,0.0,0.0,0.0,0.0,0.0,0.0,0.0,0.0,0.0,0.0,0.0,0.0,0.0,0.0,0.0,1.3220311457343928e-06,0.0,3.02948473682389e-06,8.172467671704503e-07,8.192800795947542e-06,8.980677239097666e-07,4.639656853627308e-06,0.0,0.0,8.090060919143215e-07
99,0.0,0.0,0.0,0.0,0.0,0.0,0.0,0.0,0.0,0.0,0.0,0.0,0.0,0.0,0.0,0.0,0.0,0.0,0.0,0.0,0.0004927165013102684,0.0,0.00026707228166438266,0.0,1.3616732987354206e-05,0.0,0.0,1.881916927135979e-05,9.970755668748108e-05,7.075873462958161e-06,5.04330722578307e-05,5.042371799619627e-07,0.0,0.0,0.0,0.0,0.0,0.0,0.0,0.0,0.0,0.0,0.0,0.0,0.0,0.0,0.0,0.0,0.0,0.0,0.0,0.0,0.0,0.0,0.0,0.0,0.0,0.0,7.926649180324427e-05,0.0,0.0,0.0,9.632808116700244e-07,4.617965532761864e-06,1.4567104030807345e-07,1.3274624511703797e-06,0.0,0.0,0.0,0.0,0.0,0.0,0.0,0.0,0.0,0.0,0.0,0.0,0.0,0.0,0.0,0.0,0.0,0.0,0.0,0.0,0.0,0.0,0.0,0.0,0.0,0.0,0.0,0.0,0.0,0.0,0.0,0.0,0.0,0.0,0.0,0.0,0.0,0.0,0.0,0.0,0.0,0.0,0.0,0.0,0.0,0.0,1.3089852655225352e-06,0.0,2.994753767548103e-06,8.075224647871107e-07,8.101191137100783e-06,8.865388122427075e-07,4.588848610136858e-06,0.0,0.0,7.98468301056386e-07
100,0.0,0.0,0.0,0.0,0.0,0.0,0.0,0.0,0.0,0.0,0.0,0.0,0.0,0.0,0.0,0.0,0.0,0.0,0.0,0.0,0.011580872372542378,0.0,0.0017428353110904794,0.0,0.0001432608982377271,0.0,0.0,0.0002540143645098853,0.0013510035149376625,5.0270188875287316e-05,0.0006499672504162751,3.4568859733691303e-06,0.0,0.0,0.0,0.0,0.0,0.0,0.0,0.0,0.0,0.0,0.0,0.0,0.0,0.0,0.0,0.0,0.0,0.0,0.0,0.0,0.0,0.0,0.0,0.0,0.0,0.0,0.0025491683132776214,0.0,0.0,0.0,1.0193015166233951e-05,8.23488885827247e-05,1.5270479329613298e-06,4.365995997383889e-05,0.0,0.0,0.0,0.0,0.0,0.0,0.0,0.0,0.0,0.0,0.0,0.0,0.0,0.0,0.0,0.0,0.0,0.0,0.0,0.0,0.0,0.0,0.0,0.0,0.0,0.0,0.0009156154338190183,0.0,0.0,0.0,0.0,0.0,0.0,0.0,0.0,0.0,0.0,0.0,0.0,0.0,0.0,0.0,0.0,0.0,0.0,0.0,4.293819843931216e-05,0.0,9.84966424840374e-05,2.604590909881729e-05,0.00027134853178755803,2.8787923283135168e-05,0.0001476992831658013,0.0,0.0,2.5280095867313073e-05
102,0.0,0.0,0.0,0.0,0.0,0.0,0.0,0.0,0.0,0.0,0.0,0.0,0.0,0.0,0.0,0.0,0.0,0.0,0.0,0.0,0.0005590624360187978,0.0,0.0002863258130509881,0.0,1.6073647549446183e-05,0.0,0.0,2.1293963438038967e-05,0.00010998266959764948,7.957024076026316e-06,5.585514989677369e-05,5.831240705610665e-07,0.0,0.0,0.0,0.0,0.0,0.0,0.0,0.0,0.0,0.0,0.0,0.0,0.0,0.0,0.0,0.0,0.0,0.0,0.0,0.0,0.0,0.0,0.0,0.0,0.0,0.0,8.349590061022442e-05,0.0,0.0,0.0,1.0131993498900874e-06,4.872507586675648e-06,1.5321949503174525e-07,1.3973617152505554e-06,0.0,0.0,0.0,0.0,0.0,0.0,0.0,0.0,0.0,0.0,0.0,0.0,0.0,0.0,0.0,0.0,0.0,0.0,0.0,0.0,0.0,0.0,0.0,0.0,0.0,0.0,0.00024276785232623928,0.0,0.0,0.0,0.0,0.0,0.0,0.0,0.0,0.0,0.0,0.0,0.0,0.0,0.0,0.0,0.0,0.0,0.0,0.0,1.3794043307509753e-06,0.0,3.1685673953286285e-06,8.557615190724135e-07,8.561258380161316e-06,9.41509261897363e-07,4.85154162136346e-06,0.0,0.0,8.489812766799804e-07
103,0.0,0.0,0.0,0.0,0.0,0.0,0.0,0.0,0.0,0.0,0.0,0.0,0.0,0.0,0.0,0.0,0.0,0.0,0.0,0.0,0.0005855098188862102,0.0,0.00029475828079158394,0.0,1.707394243596768e-05,0.0,0.0,2.227976431456301e-05,0.00011415520951596887,8.310586372434888e-06,5.8053538634555627e-05,6.146498461456033e-07,0.0,0.0,0.0,0.0,0.0,0.0,0.0,0.0,0.0,0.0,0.0,0.0,0.0,0.0,0.0,0.0,0.0,0.0,0.0,0.0,0.0,0.0,0.0,0.0,0.0,0.0,8.539014317017416e-05,0.0,0.0,0.0,1.0328227533114088e-06,4.972718150891977e-06,1.561926676385242e-07,1.428684694017007e-06,0.0,0.0,0.0,0.0,0.0,0.0,0.0,0.0,0.0,0.0,0.0,0.0,0.0,0.0,0.0,0.0,0.0,0.0,0.0,0.0,0.0,0.0,0.0,0.0,0.0,0.0,0.00019307504661700162,0.0,0.0,0.0,0.0,0.0,0.0,0.0,0.0,0.0,0.0,0.0,0.0,0.0,0.0,0.0,0.0,0.0,0.0,0.0,1.4070992534976577e-06,0.0,3.235914219803773e-06,8.744280265972722e-07,8.739565321881366e-06,9.62598889872571e-07,4.954052195643926e-06,0.0,0.0,8.683959439335336e-07
106,0.0,0.0,0.0,0.0,0.0,0.0,0.0,0.0,0.0,0.0,0.0,0.0,0.0,0.0,0.0,0.0,0.0,0.0,0.0,0.0,0.000800142243909478,0.0,0.0023850354235210544,0.0,1.9845024285506034e-05,0.0,0.0,3.435741135083274e-05,0.0003159169479069102,1.449913197593298e-05,0.00015482912758873847,6.063551653394087e-07,0.0,0.0,0.0,0.0,0.0,0.0,0.0,0.0,0.0,0.0,0.0,0.0,0.0,0.0,0.0,0.0,0.0,0.0,0.0,0.0,0.0,0.0,0.0,0.0,0.0,0.0,0.0001216839242542634,0.0,0.0,0.0,1.4137510042977919e-06,6.947087123602935e-06,2.1581088900266974e-07,2.0401460650042816e-06,0.0,0.0,0.0,0.0,0.0,0.0,0.0,0.0,0.0,0.0,0.0,0.0,0.0,0.0,0.0,0.0,0.0,0.0,0.0,0.0,0.0,0.0,0.0,0.0,0.0,0.0,1.1946435687337488e-05,0.0,0.0,0.0,0.0,0.0,0.0,0.0,0.0,0.0,0.0,0.0,0.0,0.0,0.0,0.0,0.0,0.0,0.0,0.0,1.9362336966012024e-06,0.0,4.1491768406261325e-06,1.112339361696953e-06,1.1224324919563971e-05,1.1661554515819966e-06,6.5823036724012465e-06,0.0,0.0,1.0601726695361148e-06
107,0.0,0.0,0.0,0.0,0.0,0.0,0.0,0.0,0.0,0.0,0.0,0.0,0.0,0.0,0.0,0.0,0.0,0.0,0.0,0.0,0.018493753139718665,0.0,0.002043719340000646,0.0,0.0002464288355157971,0.0,0.0,0.00040442363131324257,0.0018949526630872918,7.564936961209551e-05,0.0009111153027838775,5.832478110088636e-06,0.0,0.0,0.0,0.0,0.0,0.0,0.0,0.0,0.0,0.0,0.0,0.0,0.0,0.0,0.0,0.0,0.0,0.0,0.0,0.0,0.0,0.0,0.0,0.0,0.0,0.0,0.003399765246238947,0.0,0.0,0.0,1.3425973497970281e-05,0.00011033928428215792,2.0145077555975566e-06,5.773863610895003e-05,0.0,0.0,0.0,0.0,0.0,0.0,0.0,0.0,0.0,0.0,0.0,0.0,0.0,0.0,0.0,0.0,0.0,0.0,0.0,0.0,0.0,0.0,0.0,0.0,0.0,0.0,0.0006232489360459683,0.0,0.0,0.0,0.0,0.0,0.0,0.0,0.0,0.0,0.0,0.0,0.0,0.0,0.0,0.0,0.0,0.0,0.0,0.0,5.70824578762215e-05,0.0,0.0001322729508917499,3.520777267408808e-05,0.00036234791998356487,3.8940793336561724e-05,0.00019820040588046028,0.0,0.0,3.4616037300757544e-05
109,0.0,0.0,0.0,0.0,0.0,0.0,0.0,0.0,0.0,0.0,0.0,0.0,0.0,0.0,0.0,0.0,0.0,0.0,0.0,0.0,0.00012471226996214633,0.0,3.4489069766105465e-05,0.0,2.339653718322499e-06,0.0,0.0,5.080580634821419e-06,2.2056485893106874e-05,1.5373512194416782e-06,1.0079418420950938e-05,1.2055622453342048e-07,0.0,0.0,0.0,0.0,0.0,0.0,0.0,0.0,0.0,0.0,0.0,0.0,0.0,0.0,0.0,0.0,0.0,0.0,0.0,0.0,0.0,0.0,0.0,0.0,0.0,0.0,0.00012008894621790633,0.0,0.0,0.0,1.6376178080579409e-06,7.266715693123602e-06,2.4225951060006537e-07,2.0221957497249234e-06,0.0,0.0,0.0,0.0,0.0,0.0,0.0,0.0,0.0,0.0,0.0,0.0,0.0,0.0,0.0,0.0,0.0,0.0,0.0,0.0,0.0,0.0,0.0,0.0,0.0,0.0,1.2478611623296867e-06,0.0,0.0,0.0,0.0,0.0,0.0,0.0,0.0,0.0,0.0,0.0,0.0,0.0,0.0,0.0,0.0,0.0,0.0,0.0,2.1737856823056415e-06,0.0,5.750394700206405e-06,1.5460559123442559e-06,1.5723906182127622e-05,1.8485110327715593e-06,7.987573834378637e-06,0.0,0.0,1.6541860312224692e-06
110,0.0,0.0,0.0,0.0,0.0,0.0,0.0,0.0,0.0,0.0,0.0,0.0,0.0,0.0,0.0,0.0,0.0,0.0,0.0,0.0,0.00013304717962212153,0.0,3.6635099669083294e-05,0.0,2.4990352086757323e-06,0.0,0.0,5.418388168149629e-06,2.3469366506825596e-05,1.638299723549236e-06,1.0727411687397642e-05,1.2874168407253595e-07,0.0,0.0,0.0,0.0,0.0,0.0,0.0,0.0,0.0,0.0,0.0,0.0,0.0,0.0,0.0,0.0,0.0,0.0,0.0,0.0,0.0,0.0,0.0,0.0,0.0,0.0,0.00012476367211641565,0.0,0.0,0.0,1.6947774879796108e-06,7.551911725525749e-06,2.5090265044258973e-07,2.097738602687875e-06,0.0,0.0,0.0,0.0,0.0,0.0,0.0,0.0,0.0,0.0,0.0,0.0,0.0,0.0,0.0,0.0,0.0,0.0,0.0,0.0,0.0,0.0,0.0,0.0,0.0,0.0,1.3247705824487807e-06,0.0,0.0,0.0,0.0,0.0,0.0,0.0,0.0,0.0,0.0,0.0,0.0,0.0,0.0,0.0,0.0,0.0,0.0,0.0,2.2556541021834203e-06,0.0,5.960616677726384e-06,1.6050654154200166e-06,1.6274885990682164e-05,1.917662184743223e-06,8.299342981006861e-06,0.0,0.0,1.718831814631643e-06
111,0.0,0.0,0.0,0.0,0.0,0.0,0.0,0.0,0.0,0.0,0.0,0.0,0.0,0.0,0.0,0.0,0.0,0.0,0.0,0.0,0.00010773960171850542,0.0,3.155389458779339e-05,0.0,2.1294047370983448e-06,0.0,0.0,4.34348662608688e-06,1.9143723496479462e-05,1.342852308195124e-06,8.840136063257007e-06,1.0541964267966334e-07,0.0,0.0,0.0,0.0,0.0,0.0,0.0,0.0,0.0,0.0,0.0,0.0,0.0,0.0,0.0,0.0,0.0,0.0,0.0,0.0,0.0,0.0,0.0,0.0,0.0,0.0,7.590369226280377e-05,0.0,0.0,0.0,1.0153432548946354e-06,4.5528345189464e-06,1.5078230570232065e-07,1.2779527680779517e-06,0.0,0.0,0.0,0.0,0.0,0.0,0.0,0.0,0.0,0.0,0.0,0.0,0.0,0.0,0.0,0.0,0.0,0.0,0.0,0.0,0.0,0.0,0.0,0.0,0.0,0.0,1.4115894837781912e-06,0.0,0.0,0.0,0.0,0.0,0.0,0.0,0.0,0.0,0.0,0.0,0.0,0.0,0.0,0.0,0.0,0.0,0.0,0.0,1.3492657160168556e-06,0.0,3.464109744437187e-06,9.3071123811825e-07,9.464090303897833e-06,1.0932483451209947e-06,4.90165092802344e-06,0.0,0.0,9.813765486021035e-07
112,0.0,0.0,0.0,0.0,0.0,0.0,0.0,0.0,0.0,0.0,0.0,0.0,0.0,0.0,0.0,0.0,0.0,0.0,0.0,0.0,0.00011085250154405554,0.0,3.2384018446089844e-05,0.0,2.1904800284880943e-06,0.0,0.0,4.46927125081794e-06,1.9676700887858073e-05,1.3809139486188647e-06,9.08576794407049e-06,1.0849348843138857e-07,0.0,0.0,0.0,0.0,0.0,0.0,0.0,0.0,0.0,0.0,0.0,0.0,0.0,0.0,0.0,0.0,0.0,0.0,0.0,0.0,0.0,0.0,0.0,0.0,0.0,0.0,7.768201598203081e-05,0.0,0.0,0.0,1.038324233454947e-06,4.660469297776993e-06,1.542173310215464e-07,1.307355337133188e-06,0.0,0.0,0.0,0.0,0.0,0.0,0.0,0.0,0.0,0.0,0.0,0.0,0.0,0.0,0.0,0.0,0.0,0.0,0.0,0.0,0.0,0.0,0.0,0.0,0.0,0.0,1.4450469872488212e-06,0.0,0.0,0.0,0.0,0.0,0.0,0.0,0.0,0.0,0.0,0.0,0.0,0.0,0.0,0.0,0.0,0.0,0.0,0.0,1.3807703944751623e-06,0.0,3.5454848564641405e-06,9.529736141283258e-07,9.682784906481554e-06,1.1194503207011843e-06,5.018671955508327e-06,0.0,0.0,1.0052797158562831e-06
113,0.0,0.0,0.0,0.0,0.0,0.0,0.0,0.0,0.0,0.0,0.0,0.0,0.0,0.0,0.0,0.0,0.0,0.0,0.0,0.0,0.00011433726516086332,0.0,3.3202703034942245e-05,0.0,2.250438520132248e-06,0.0,0.0,4.612967114364884e-06,2.0269425527928397e-05,1.422470384492642e-06,9.351838712338693e-06,1.1182804824572001e-07,0.0,0.0,0.0,0.0,0.0,0.0,0.0,0.0,0.0,0.0,0.0,0.0,0.0,0.0,0.0,0.0,0.0,0.0,0.0,0.0,0.0,0.0,0.0,0.0,0.0,0.0,8.094083590997223e-05,0.0,0.0,0.0,1.0821437007130373e-06,4.858934160171442e-06,1.6071510256189073e-07,1.361727379314088e-06,0.0,0.0,0.0,0.0,0.0,0.0,0.0,0.0,0.0,0.0,0.0,0.0,0.0,0.0,0.0,0.0,0.0,0.0,0.0,0.0,0.0,0.0,0.0,0.0,0.0,0.0,1.461752436743053e-06,0.0,0.0,0.0,0.0,0.0,0.0,0.0,0.0,0.0,0.0,0.0,0.0,0.0,0.0,0.0,0.0,0.0,0.0,0.0,1.4398275197141413e-06,0.0,3.703079515601819e-06,9.957228869958904e-07,1.0110399591950838e-05,1.1707054065539617e-06,5.238509285873453e-06,0.0,0.0,1.05155230278802e-06
114,0.0,0.0,0.0,0.0,0.0,0.0,0.0,0.0,0.0,0.0,0.0,0.0,0.0,0.0,0.0,0.0,0.0,0.0,0.0,0.0,0.0001139625391859181,0.0,3.316977154005294e-05,0.0,2.248318380147925e-06,0.0,0.0,4.596029882977417e-06,2.020720967735789e-05,1.4185260895007785e-06,9.327580063768602e-06,1.1152515826989948e-07,0.0,0.0,0.0,0.0,0.0,0.0,0.0,0.0,0.0,0.0,0.0,0.0,0.0,0.0,0.0,0.0,0.0,0.0,0.0,0.0,0.0,0.0,0.0,0.0,0.0,0.0,7.992035558739157e-05,0.0,0.0,0.0,1.0678592903128257e-06,4.796411157268372e-06,1.5861336680068897e-07,1.3445343359869854e-06,0.0,0.0,0.0,0.0,0.0,0.0,0.0,0.0,0.0,0.0,0.0,0.0,0.0,0.0,0.0,0.0,0.0,0.0,0.0,0.0,0.0,0.0,0.0,0.0,0.0,0.0,1.4703806342947274e-06,0.0,0.0,0.0,0.0,0.0,0.0,0.0,0.0,0.0,0.0,0.0,0.0,0.0,0.0,0.0,0.0,0.0,0.0,0.0,1.4209057836148273e-06,0.0,3.6510105223067163e-06,9.817166650694807e-07,9.967813023013569e-06,1.1536232638134486e-06,5.1679686004145675e-06,0.0,0.0,1.0362861745182327e-06
115,0.0,0.0,0.0,0.0,0.0,0.0,0.0,0.0,0.0,0.0,0.0,0.0,0.0,0.0,0.0,0.0,0.0,0.0,0.0,0.0,0.007410954368523414,0.0,0.0007104002181014727,0.0,7.892887288427323e-05,0.0,0.0,0.0001671331543338248,0.0007597569197016953,2.903080846166081e-05,0.0003487158661729395,2.2121629481428945e-06,0.0,0.0,0.0,0.0,0.0,0.0,0.0,0.0,0.0,0.0,0.0,0.0,0.0,0.0,0.0,0.0,0.0,0.0,0.0,0.0,0.0,0.0,0.0,0.0,0.0,0.0,0.003533514070028073,0.0,0.0,0.0,1.483012971063389e-05,0.00011676862087578892,2.199414941655529e-06,6.023944502614665e-05,0.0,0.0,0.0,0.0,0.0,0.0,0.0,0.0,0.0,0.0,0.0,0.0,0.0,0.0,0.0,0.0,0.0,0.0,0.0,0.0,0.0,0.0,0.0,0.0,0.0,0.0,0.000164402295961723,0.0,0.0,0.0,0.0,0.0,0.0,0.0,0.0,0.0,0.0,0.0,0.0,0.0,0.0,0.0,0.0,0.0,0.0,0.0,6.220272049803793e-05,0.0,0.00015584427629554244,4.1382121882147154e-05,0.00042974091539870987,4.794270797150496e-05,0.00022097397672826642,0.0,0.0,4.2731334395861954e-05
116,0.0,0.0,0.0,0.0,0.0,0.0,0.0,0.0,0.0,0.0,0.0,0.0,0.0,0.0,0.0,0.0,0.0,0.0,0.0,0.0,0.00011830043108296151,0.0,3.436711293953423e-05,0.0,2.337223605541136e-06,0.0,0.0,4.770007922889731e-06,2.0949033529616423e-05,1.471949312494232e-06,9.67266726794322e-06,1.1586128839266166e-07,0.0,0.0,0.0,0.0,0.0,0.0,0.0,0.0,0.0,0.0,0.0,0.0,0.0,0.0,0.0,0.0,0.0,0.0,0.0,0.0,0.0,0.0,0.0,0.0,0.0,0.0,8.173563441371805e-05,0.0,0.0,0.0,1.0903627318704204e-06,4.90577992750194e-06,1.620058378989274e-07,1.374240045499678e-06,0.0,0.0,0.0,0.0,0.0,0.0,0.0,0.0,0.0,0.0,0.0,0.0,0.0,0.0,0.0,0.0,0.0,0.0,0.0,0.0,0.0,0.0,0.0,0.0,0.0,0.0,1.5252156015751159e-06,0.0,0.0,0.0,0.0,0.0,0.0,0.0,0.0,0.0,0.0,0.0,0.0,0.0,0.0,0.0,0.0,0.0,0.0,0.0,1.452380328978985e-06,0.0,3.729821226076495e-06,1.0035090685621943e-06,1.0177136106366138e-05,1.1787987107351467e-06,5.284933771508002e-06,0.0,0.0,1.0595524938457026e-06
117,0.0,0.0,0.0,0.0,0.0,0.0,0.0,0.0,0.0,0.0,0.0,0.0,0.0,0.0,0.0,0.0,0.0,0.0,0.0,0.0,0.007562245052333952,0.0,0.0007250520986517441,0.0,8.072446670734532e-05,0.0,0.0,0.00017047653649429162,0.0007747580348775928,2.9625261454549073e-05,0.00035575852343799577,2.259081881942456e-06,0.0,0.0,0.0,0.0,0.0,0.0,0.0,0.0,0.0,0.0,0.0,0.0,0.0,0.0,0.0,0.0,0.0,0.0,0.0,0.0,0.0,0.0,0.0,0.0,0.0,0.0,0.0035481026882583136,0.0,0.0,0.0,1.4869143318328987e-05,0.00011722976289366659,2.2058917885802326e-06,6.04634168443608e-05,0.0,0.0,0.0,0.0,0.0,0.0,0.0,0.0,0.0,0.0,0.0,0.0,0.0,0.0,0.0,0.0,0.0,0.0,0.0,0.0,0.0,0.0,0.0,0.0,0.0,0.0,0.00016835343489036964,0.0,0.0,0.0,0.0,0.0,0.0,0.0,0.0,0.0,0.0,0.0,0.0,0.0,0.0,0.0,0.0,0.0,0.0,0.0,6.241175748226174e-05,0.0,0.00015616233287826637,4.148287939599475e-05,0.0004307403131977095,4.805625676070594e-05,0.00022172152622963864,0.0,0.0,4.281934538560174e-05
118,0.0,0.0,0.0,0.0,0.0,0.0,0.0,0.0,0.0,0.0,0.0,0.0,0.0,0.0,0.0,0.0,0.0,0.0,0.0,0.0,0.00012483518022250042,0.0,3.6099406753640834e-05,0.0,2.4663597487516603e-06,0.0,0.0,5.033735488460697e-06,2.2061969170933897e-05,1.551749016001534e-06,1.0186370229986092e-05,1.2233703501924484e-07,0.0,0.0,0.0,0.0,0.0,0.0,0.0,0.0,0.0,0.0,0.0,0.0,0.0,0.0,0.0,0.0,0.0,0.0,0.0,0.0,0.0,0.0,0.0,0.0,0.0,0.0,8.511796282083211e-05,0.0,0.0,0.0,1.1334663153899805e-06,5.110448692203179e-06,1.684663593197981e-07,1.4299199098674602e-06,0.0,0.0,0.0,0.0,0.0,0.0,0.0,0.0,0.0,0.0,0.0,0.0,0.0,0.0,0.0,0.0,0.0,0.0,0.0,0.0,0.0,0.0,0.0,0.0,0.0,0.0,1.5948836708205683e-06,0.0,0.0,0.0,0.0,0.0,0.0,0.0,0.0,0.0,0.0,0.0,0.0,0.0,0.0,0.0,0.0,0.0,0.0,0.0,1.5119478376934077e-06,0.0,3.882615928574061e-06,1.0454963717095528e-06,1.059048780521084e-05,1.22844963795008e-06,5.506696390904015e-06,0.0,0.0,1.1046648201568094e-06
120,0.0,0.0,0.0,0.0,0.0,0.0,0.0,0.0,0.0,0.0,0.0,0.0,0.0,0.0,0.0,0.0,0.0,0.0,0.0,0.0,0.00011412449460408702,0.0,3.318481833224423e-05,0.0,2.2493075432666296e-06,0.0,0.0,4.60332492757852e-06,2.0234096982794327e-05,1.42023875393435e-06,9.338125240447498e-06,1.1165707058307224e-07,0.0,0.0,0.0,0.0,0.0,0.0,0.0,0.0,0.0,0.0,0.0,0.0,0.0,0.0,0.0,0.0,0.0,0.0,0.0,0.0,0.0,0.0,0.0,0.0,0.0,0.0,8.034896973653804e-05,0.0,0.0,0.0,1.0738548928501001e-06,4.82266831921276e-06,1.59495637500251e-07,1.3517546293855958e-06,0.0,0.0,0.0,0.0,0.0,0.0,0.0,0.0,0.0,0.0,0.0,0.0,0.0,0.0,0.0,0.0,0.0,0.0,0.0,0.0,0.0,0.0,0.0,0.0,0.0,0.0,1.4668036034378596e-06,0.0,0.0,0.0,0.0,0.0,0.0,0.0,0.0,0.0,0.0,0.0,0.0,0.0,0.0,0.0,0.0,0.0,0.0,0.0,1.4288497238195934e-06,0.0,3.6728589154194064e-06,9.875943700224057e-07,1.0027635635167221e-05,1.1607893820891585e-06,5.19758138735104e-06,0.0,0.0,1.0426917037438388e-06
121,0.0,0.0,0.0,0.0,0.0,0.0,0.0,0.0,0.0,0.0,0.0,0.0,0.0,0.0,0.0,0.0,0.0,0.0,0.0,0.0,0.00011060726632346257,0.0,3.2027740756973864e-05,0.0,2.1626652574522056e-06,0.0,0.0,4.467303617561143e-06,1.9627571605770624e-05,1.375156865904527e-06,9.043658411437038e-06,1.0795414042524414e-07,0.0,0.0,0.0,0.0,0.0,0.0,0.0,0.0,0.0,0.0,0.0,0.0,0.0,0.0,0.0,0.0,0.0,0.0,0.0,0.0,0.0,0.0,0.0,0.0,0.0,0.0,8.123671649701542e-05,0.0,0.0,0.0,1.0894500324840068e-06,4.878983489209595e-06,1.6170135689132194e-07,1.3676835666559403e-06,0.0,0.0,0.0,0.0,0.0,0.0,0.0,0.0,0.0,0.0,0.0,0.0,0.0,0.0,0.0,0.0,0.0,0.0,0.0,0.0,0.0,0.0,0.0,0.0,0.0,0.0,1.3876445400952106e-06,0.0,0.0,0.0,0.0,0.0,0.0,0.0,0.0,0.0,0.0,0.0,0.0,0.0,0.0,0.0,0.0,0.0,0.0,0.0,1.4476596725791206e-06,0.0,3.73297190775884e-06,1.0031005986193728e-06,1.0199477312403357e-05,1.1812084986955806e-06,5.267946303969115e-06,0.0,0.0,1.0600856390113965e-06
123,0.0,0.0,0.0,0.0,0.0,0.0,0.0,0.0,0.0,0.0,0.0,0.0,0.0,0.0,0.0,0.0,0.0,0.0,0.0,0.0,0.00027781956960283376,0.0,7.044782129943602e-05,0.0,4.432341697384111e-06,0.0,0.0,1.2086835572973586e-05,5.309911511219087e-05,3.4880777886580993e-06,2.354869620630497e-05,2.4802782755374597e-07,0.0,0.0,0.0,0.0,0.0,0.0,0.0,0.0,0.0,0.0,0.0,0.0,0.0,0.0,0.0,0.0,0.0,0.0,0.0,0.0,0.0,0.0,0.0,0.0,0.0,0.0,0.02104838559926106,0.0,0.0,0.0,0.00010883544685791905,0.0018871116955776785,2.0991958581481986e-05,0.0002699961882455943,0.0,0.0,0.0,0.0,0.0,0.0,0.0,0.0,0.0,0.0,0.0,0.0,0.0,0.0,0.0,0.0,0.0,0.0,0.0,0.0,0.0,0.0,0.0,0.0,0.0,0.0,1.4418757530519622e-06,0.0,0.0,0.0,0.0,0.0,0.0,0.0,0.0,0.0,0.0,0.0,0.0,0.0,0.0,0.0,0.0,0.0,0.0,0.0,0.00032658537153242316,0.0,9.776629861828579e-05,4.756825028295374e-05,0.00027212919788027507,3.198903615583474e-05,0.00034348039458172494,0.0,0.0,4.88213292987229e-05
124,0.0,0.0,0.0,0.0,0.0,0.0,0.0,0.0,0.0,0.0,0.0,0.0,0.0,0.0,0.0,0.0,0.0,0.0,0.0,0.0,0.0002691444123064243,0.0,6.858515222971665e-05,0.0,4.30839365865673e-06,0.0,0.0,1.1703021679522992e-05,5.148301445925969e-05,3.3829502784651557e-06,2.2852146077692488e-05,2.4052241426558915e-07,0.0,0.0,0.0,0.0,0.0,0.0,0.0,0.0,0.0,0.0,0.0,0.0,0.0,0.0,0.0,0.0,0.0,0.0,0.0,0.0,0.0,0.0,0.0,0.0,0.0,0.0,0.02123975808757424,0.0,0.0,0.0,0.00013156402180547036,0.0017089801497352484,2.6259106106638623e-05,0.00030459248713223143,0.0,0.0,0.0,0.0,0.0,0.0,0.0,0.0,0.0,0.0,0.0,0.0,0.0,0.0,0.0,0.0,0.0,0.0,0.0,0.0,0.0,0.0,0.0,0.0,0.0,0.0,1.413131398629581e-06,0.0,0.0,0.0,0.0,0.0,0.0,0.0,0.0,0.0,0.0,0.0,0.0,0.0,0.0,0.0,0.0,0.0,0.0,0.0,0.000452048557334628,0.0,0.00011156418171626366,6.736636685286733e-05,0.00026364482093456143,3.9330863520915185e-05,0.0007295164237537782,0.0,0.0,5.4352459888057734e-05
125,0.0,0.0,0.0,0.0,0.0,0.0,0.0,0.0,0.0,0.0,0.0,0.0,0.0,0.0,0.0,0.0,0.0,0.0,0.0,0.0,0.00950928103262048,0.0,0.0008552999639540475,0.0,9.636100073007355e-05,0.0,0.0,0.00022586942890899967,0.0010154091710750143,3.818111604375659e-05,0.00046558423229304613,2.758140231975014e-06,0.0,0.0,0.0,0.0,0.0,0.0,0.0,0.0,0.0,0.0,0.0,0.0,0.0,0.0,0.0,0.0,0.0,0.0,0.0,0.0,0.0,0.0,0.0,0.0,0.0,0.0,0.05101179759097534,0.0,0.0,0.0,0.00013971866930943735,0.0018649669780396914,2.7575052814693312e-05,0.0009457030351239586,0.0,0.0,0.0,0.0,0.0,0.0,0.0,0.0,0.0,0.0,0.0,0.0,0.0,0.0,0.0,0.0,0.0,0.0,0.0,0.0,0.0,0.0,0.0,0.0,0.0,0.0,0.00014693058799588888,0.0,0.0,0.0,0.0,0.0,0.0,0.0,0.0,0.0,0.0,0.0,0.0,0.0,0.0,0.0,0.0,0.0,0.0,0.0,0.0,0.0,0.000607430125247377,0.00025174832730636066,0.0007235144450893109,0.0001898367234952128,0.0022925382711383342,0.0,0.0,0.00022377814610780708
126,0.0,0.0,0.0,0.0,0.0,0.0,0.0,0.0,0.0,0.0,0.0,0.0,0.0,0.0,0.0,0.0,0.0,0.0,0.0,0.0,0.00024083889270931465,0.0,6.178881868265625e-05,0.0,3.911899789451059e-06,0.0,0.0,1.0445158652777347e-05,4.589104235580599e-05,3.029900636249227e-06,2.044308980489527e-05,2.1668307707154757e-07,0.0,0.0,0.0,0.0,0.0,0.0,0.0,0.0,0.0,0.0,0.0,0.0,0.0,0.0,0.0,0.0,0.0,0.0,0.0,0.0,0.0,0.0,0.0,0.0,0.0,0.0,0.011019061371228808,0.0,0.0,0.0,0.00033313965334613445,0.0007532254111165384,4.938615665080312e-05,0.00021559693966406184,0.0,0.0,0.0,0.0,0.0,0.0,0.0,0.0,0.0,0.0,0.0,0.0,0.0,0.0,0.0,0.0,0.0,0.0,0.0,0.0,0.0,0.0,0.0,0.0,0.0,0.0,1.3222258030847276e-06,0.0,0.0,0.0,0.0,0.0,0.0,0.0,0.0,0.0,0.0,0.0,0.0,0.0,0.0,0.0,0.0,0.0,0.0,0.0,0.000419401588377409,0.0,0.0007266677759032244,0.0001555434065651111,0.0011285049646107886,9.447180563287713e-05,0.0011294123036989735,0.0,0.0,8.642847601906067e-05
127,0.0,0.0,0.0,0.0,0.0,0.0,0.0,0.0,0.0,0.0,0.0,0.0,0.0,0.0,0.0,0.0,0.0,0.0,0.0,0.0,0.0002525980847181457,0.0,6.370615471113552e-05,0.0,4.098942379670304e-06,0.0,0.0,1.0953987990641314e-05,4.7740261226884484e-05,3.163358082515658e-06,2.125594117672392e-05,2.277990339222853e-07,0.0,0.0,0.0,0.0,0.0,0.0,0.0,0.0,0.0,0.0,0.0,0.0,0.0,0.0,0.0,0.0,0.0,0.0,0.0,0.0,0.0,0.0,0.0,0.0,0.0,0.0,0.009290902698142879,0.0,0.0,0.0,0.00017600813276564758,0.0006637962180686921,2.6615398281513704e-05,0.00015932295190940838,0.0,0.0,0.0,0.0,0.0,0.0,0.0,0.0,0.0,0.0,0.0,0.0,0.0,0.0,0.0,0.0,0.0,0.0,0.0,0.0,0.0,0.0,0.0,0.0,0.0,0.0,1.3722129162147565e-06,0.0,0.0,0.0,0.0,0.0,0.0,0.0,0.0,0.0,0.0,0.0,0.0,0.0,0.0,0.0,0.0,0.0,0.0,0.0,0.00031394129708375173,0.0,0.0,0.00034656047780181666,0.002279799710162728,0.0001481287491621621,0.0014623942279053987,0.0,0.0,0.0001582294803641123
128,0.0,0.0,0.0,0.0,0.0,0.0,0.0,0.0,0.0,0.0,0.0,0.0,0.0,0.0,0.0,0.0,0.0,0.0,0.0,0.0,0.0002674657921569562,0.0,6.675176839261257e-05,0.0,4.318772670592723e-06,0.0,0.0,1.1607514060521197e-05,5.0402589887596434e-05,3.341068700281799e-06,2.241206392934245e-05,2.409838945442246e-07,0.0,0.0,0.0,0.0,0.0,0.0,0.0,0.0,0.0,0.0,0.0,0.0,0.0,0.0,0.0,0.0,0.0,0.0,0.0,0.0,0.0,0.0,0.0,0.0,0.0,0.0,0.009298901699178106,0.0,0.0,0.0,0.000128134467404732,0.0007140233502122862,2.0441582389698702e-05,0.00014488871757014195,0.0,0.0,0.0,0.0,0.0,0.0,0.0,0.0,0.0,0.0,0.0,0.0,0.0,0.0,0.0,0.0,0.0,0.0,0.0,0.0,0.0,0.0,0.0,0.0,0.0,0.0,1.4255202869955558e-06,0.0,0.0,0.0,0.0,0.0,0.0,0.0,0.0,0.0,0.0,0.0,0.0,0.0,0.0,0.0,0.0,0.0,0.0,0.0,0.00026576454617716836,0.0,0.0009304848864020157,0.0,0.0015301721529522422,7.57132220964836e-05,0.0017218685364218831,0.0,0.0,0.00020307249971430132
129,0.0,0.0,0.0,0.0,0.0,0.0,0.0,0.0,0.0,0.0,0.0,0.0,0.0,0.0,0.0,0.0,0.0,0.0,0.0,0.0,0.009185838766139506,0.0,0.0008192649838382964,0.0,9.382685638099772e-05,0.0,0.0,0.0002177680785586951,0.0009729679807068327,3.677179713679704e-05,0.00044678759404073986,2.681132690860062e-06,0.0,0.0,0.0,0.0,0.0,0.0,0.0,0.0,0.0,0.0,0.0,0.0,0.0,0.0,0.0,0.0,0.0,0.0,0.0,0.0,0.0,0.0,0.0,0.0,0.0,0.0,0.0333684514503928,0.0,0.0,0.0,0.0002005872266669136,0.0011996142381109748,2.9580352927620798e-05,0.0006166428936115947,0.0,0.0,0.0,0.0,0.0,0.0,0.0,0.0,0.0,0.0,0.0,0.0,0.0,0.0,0.0,0.0,0.0,0.0,0.0,0.0,0.0,0.0,0.0,0.0,0.0,0.0,0.00014482906197802012,0.0,0.0,0.0,0.0,0.0,0.0,0.0,0.0,0.0,0.0,0.0,0.0,0.0,0.0,0.0,0.0,0.0,0.0,0.0,0.0008143301465005021,0.0,0.002901501361040011,0.0005896239387290921,0.0,0.0004740712432640933,0.003041290281773911,0.0,0.0,0.00041010899961775143
132,0.0,0.0,0.0,0.0,0.0,0.0,0.0,0.0,0.0,0.0,0.0,0.0,0.0,0.0,0.0,0.0,0.0,0.0,0.0,0.0,0.00025866808813522263,0.0,6.40955054775768e-05,0.0,4.2147170613263444e-06,0.0,0.0,1.1205169151572547e-05,4.835334583739628e-05,3.223191653339407e-06,2.15444180522084e-05,2.3448762638860532e-07,0.0,0.0,0.0,0.0,0.0,0.0,0.0,0.0,0.0,0.0,0.0,0.0,0.0,0.0,0.0,0.0,0.0,0.0,0.0,0.0,0.0,0.0,0.0,0.0,0.0,0.0,0.00630936271130896,0.0,0.0,0.0,0.00010314203317096915,0.00045987342940386286,1.5272687054501916e-05,0.00010255504920112603,0.0,0.0,0.0,0.0,0.0,0.0,0.0,0.0,0.0,0.0,0.0,0.0,0.0,0.0,0.0,0.0,0.0,0.0,0.0,0.0,0.0,0.0,0.0,0.0,0.0,0.0,1.408883540160632e-06,0.0,0.0,0.0,0.0,0.0,0.0,0.0,0.0,0.0,0.0,0.0,0.0,0.0,0.0,0.0,0.0,0.0,0.0,0.0,0.00017407894222341532,0.0,0.0009306694850022111,0.0002926347545305132,0.0019125228039019461,0.0,0.000916719612877025,0.0,0.0,0.00031199393495914113
133,0.0,0.0,0.0,0.0,0.0,0.0,0.0,0.0,0.0,0.0,0.0,0.0,0.0,0.0,0.0,0.0,0.0,0.0,0.0,0.0,0.009772675790675464,0.0,0.0008684563013083899,0.0,9.898009451967002e-05,0.0,0.0,0.00023205463628358635,0.0010375176684678865,3.91080691188901e-05,0.000475506838212131,2.8403837896380783e-06,0.0,0.0,0.0,0.0,0.0,0.0,0.0,0.0,0.0,0.0,0.0,0.0,0.0,0.0,0.0,0.0,0.0,0.0,0.0,0.0,0.0,0.0,0.0,0.0,0.0,0.0,0.045034297832301944,0.0,0.0,0.0,0.0001453013658954083,0.00172960238096294,2.467208817977278e-05,0.0007126707197567499,0.0,0.0,0.0,0.0,0.0,0.0,0.0,0.0,0.0,0.0,0.0,0.0,0.0,0.0,0.0,0.0,0.0,0.0,0.0,0.0,0.0,0.0,0.0,0.0,0.0,0.0,0.00015012580464076182,0.0,0.0,0.0,0.0,0.0,0.0,0.0,0.0,0.0,0.0,0.0,0.0,0.0,0.0,0.0,0.0,0.0,0.0,0.0,0.0009911815065323348,0.0,0.0003866255006686477,0.00019596999982556484,0.0017575689249452442,0.0001502647830393744,0.0,0.0,0.0,0.0002478569591375767
134,0.0,0.0,0.0,0.0,0.0,0.0,0.0,0.0,0.0,0.0,0.0,0.0,0.0,0.0,0.0,0.0,0.0,0.0,0.0,0.0,0.00023167396094415742,0.0,5.97206091593731e-05,0.0,3.7785252975828265e-06,0.0,0.0,1.0040824118082462e-05,4.41604544846835e-05,2.9175975774118226e-06,1.969292606306817e-05,2.08732812733429e-07,0.0,0.0,0.0,0.0,0.0,0.0,0.0,0.0,0.0,0.0,0.0,0.0,0.0,0.0,0.0,0.0,0.0,0.0,0.0,0.0,0.0,0.0,0.0,0.0,0.0,0.0,0.009285422170392056,0.0,0.0,0.0,0.00038424392322429463,0.00062916171892266,4.831005866931599e-05,0.00018854401899133817,0.0,0.0,0.0,0.0,0.0,0.0,0.0,0.0,0.0,0.0,0.0,0.0,0.0,0.0,0.0,0.0,0.0,0.0,0.0,0.0,0.0,0.0,0.0,0.0,0.0,0.0,1.2897842929647135e-06,0.0,0.0,0.0,0.0,0.0,0.0,0.0,0.0,0.0,0.0,0.0,0.0,0.0,0.0,0.0,0.0,0.0,0.0,0.0,0.00033566378175117653,0.0,0.00071241110149216,0.00013513806209183735,0.002048956448550685,9.753337062568829e-05,0.00086790688620662,0.0,0.0,7.89797323304601e-05
135,0.0,0.0,0.0,0.0,0.0,0.0,0.0,0.0,0.0,0.0,0.0,0.0,0.0,0.0,0.0,0.0,0.0,0.0,0.0,0.0,0.0002707434654185911,0.0,6.680853187480046e-05,0.0,4.385550970662419e-06,0.0,0.0,1.174056370515773e-05,5.064619880926086e-05,3.3710305986120806e-06,2.253417063549658e-05,2.4482017882792193e-07,0.0,0.0,0.0,0.0,0.0,0.0,0.0,0.0,0.0,0.0,0.0,0.0,0.0,0.0,0.0,0.0,0.0,0.0,0.0,0.0,0.0,0.0,0.0,0.0,0.0,0.0,0.006982455623481085,0.0,0.0,0.0,9.721873103142173e-05,0.0005185214125175692,1.5015323346872236e-05,0.00010742042195182381,0.0,0.0,0.0,0.0,0.0,0.0,0.0,0.0,0.0,0.0,0.0,0.0,0.0,0.0,0.0,0.0,0.0,0.0,0.0,0.0,0.0,0.0,0.0,0.0,0.0,0.0,1.44735117719083e-06,0.0,0.0,0.0,0.0,0.0,0.0,0.0,0.0,0.0,0.0,0.0,0.0,0.0,0.0,0.0,0.0,0.0,0.0,0.0,0.0001788542757854198,0.0,0.000820793050623409,0.00033581676040566016,0.001498283370966263,0.00013020348428528862,0.0010622590668707297,0.0,0.0,0.0004634808274566209
136,0.0,0.0,0.0,0.0,0.0,0.0,0.0,0.0,0.0,0.0,0.0,0.0,0.0,0.0,0.0,0.0,0.0,0.0,0.0,0.0,0.009921375734349968,0.0,0.0008667166289955408,0.0,0.00010092341902591325,0.0,0.0,0.0002352388788742114,0.0010420182833621291,3.9501259327945836e-05,0.00047783747294577206,2.900452168167904e-06,0.0,0.0,0.0,0.0,0.0,0.0,0.0,0.0,0.0,0.0,0.0,0.0,0.0,0.0,0.0,0.0,0.0,0.0,0.0,0.0,0.0,0.0,0.0,0.0,0.0,0.0,0.03199069917665982,0.0,0.0,0.0,0.00012503827831112402,0.0011805874734320018,1.931525909670712e-05,0.0005056019651518511,0.0,0.0,0.0,0.0,0.0,0.0,0.0,0.0,0.0,0.0,0.0,0.0,0.0,0.0,0.0,0.0,0.0,0.0,0.0,0.0,0.0,0.0,0.0,0.0,0.0,0.0,0.00015318109337624175,0.0,0.0,0.0,0.0,0.0,0.0,0.0,0.0,0.0,0.0,0.0,0.0,0.0,0.0,0.0,0.0,0.0,0.0,0.0,0.0006492160291723384,0.0,0.0018293483071664415,0.0006446970501792902,0.003985295604015246,0.00028477481986318457,0.002912707525478787,0.0,0.0,0.0
